Code Name,Mnemonic,Description
d_TFBankExt,Within,Within
d_TFBankExt,Outside,Outside
d_TFAvlblBnk,ANY,ANY
d_TFAvlblBnk,Specific,Specific
d_TFAvlblBy,ByPayment,ByPayment
d_TFAvlblBy,ByNegotiation,ByNegotiation
d_TFAvlblBy,ByDeferredPayment,ByDeferredPayment
d_TFAvlblBy,ByAcceptance,ByAcceptance
d_TFAvlblBy,By Mixed Payment,By Mixed Payment
d_TFLCType,IRREVOCABLE,IRREVOCABLE
d_TFLCType,IRREVOCABLE TRANSFERABLE,IRREVOCABLE TRANSFERABLE
d_TFLCType,IRREVOCABLE STANDBY,IRREVOCABLE STANDBY
d_TFLCType,IRREVOC TRANS STANDBY,IRREVOC TRANS STANDBY
d_TFLCType,REVOCABLE,REVOCABLE
d_TFLCType,REVOCABLE TRANSFERABLE,REVOCABLE TRANSFERABLE
d_TFLCType,REVOCABLE STANDBY,REVOCABLE STANDBY
d_TFPreStatus,OnHold,OnHold
d_TFPreStatus,Released,Released
d_TFPreStatus,Verified,Verified
d_TFPreStatus,Executed,Executed
d_TFPreStatus,Rejected,Rejected
d_TFPreStatus,WaitingForRate,WaitingForRate
d_TFPreStatus,LCIssued,LCIssued
d_PosTyp,Revaluation,Revaluation
d_PosTyp,Cash,Cash
d_PosTyp,Custody,Custody
d_PosTyp,FXForexDeal,FXForexDeal
d_PosTyp,FXOTCOptDeal,FXOTCOptDeal
d_PosTyp,FXRateRequest,FXRateRequest
d_PosTyp,FXERADeal,FXERADeal
d_PosTyp,MMDepositDeal,MMDepositDeal
d_PosTyp,MMFRADeal,MMFRADeal
d_PosTyp,MMIRSDeal,MMIRSDeal
d_PosTyp,MMIRODeal,MMIRODeal
d_PosTyp,CreditAplctn,CreditAplctn
d_PosTyp,CreditLoan,CreditLoan
d_PosTyp,NonTrade,NonTrade
d_PosTyp,CustodyForward,CustodyForward
d_PosTyp,MMOrder,MMOrder
d_PosTyp,MMDeal,MMDeal
d_PosTyp,CurrPositon,CurrPositon
d_PosTyp,Exchval,Exchval
d_PosTyp,CurrPosNotes,CurrPosNotes
d_PosTyp,ExchValNotes,ExchValNotes
d_PosTyp,Gbt,Gbt
d_PosTyp,Fatxn,Fatxn
d_PosTyp,Internal,Internal
d_PosTyp,OutPymntOrd,OutPymntOrd
d_PosTyp,OpenDelivery,OpenDelivery
d_PosTyp,Broker,Broker
d_PosTyp,Custodian,Custodian
d_PosTyp,VarMrgn,VarMrgn
d_PosTyp,InitMrgn,InitMrgn
d_PosTyp,AcntClsr,AcntClsr
d_PosTyp,SENetSett,SENetSett
d_PosTyp,DetCustody,DetCustody
d_PosTyp,TBill,TBill
d_PosTyp,RSShipOrd,RSShipOrd
d_PosTyp,RSTCShipOrd,RSTCShipOrd
d_PosTyp,RSECBOOrd,RSECBOOrd
d_PosTyp,RSTCOOrd,RSTCOOrd
d_PosTyp,RSCBOOrd,RSCBOOrd
d_PosTyp,RSBCOOrd,RSBCOOrd
d_PosTyp,RSCRDOOrd,RSCRDOOrd
d_PosTyp,RSCOWithdrawal,RSCOWithdrawal
d_PosTyp,RSCCOOrd,RSCCOOrd
d_PosTyp,RSENCOOrd,RSENCOOrd
d_PosTyp,RSEXOOrd,RSEXOOrd
d_PosTyp,RSSROOrd,RSSROOrd
d_PosTyp,RSSPOOrd,RSSPOOrd
d_PosTyp,RSVCOOrd,RSVCOOrd
d_PosTyp,RSCODeposit,RSCODeposit
d_PosTyp,Entitlement,Entitlement
d_PosTyp,FXForexOrd,FXForexOrd
d_PosTyp,FXOTCOptOrd,FXOTCOptOrd
d_PosTyp,FXERAOrd,FXERAOrd
d_PosTyp,MMGlobal,MMGlobal
d_PosTyp,IntrstAppln,IntrstAppln
d_PosTyp,MMDepositOrd,MMDepositOrd
d_PosTyp,MMIROOrd,MMIROOrd
d_PosTyp,IntrstRepoDeal,IntrstRepoDeal
d_PosTyp,CMOCashFlow,CMOCashFlow
d_PosTyp,ST_CustOrder,ST_CustOrder
d_PosTyp,PooledOrder,PooledOrder
d_PosTyp,ST_TradeOrder,ST_TradeOrder
d_PosTyp,STDeal,STDeal
d_PosTyp,ExerciseOrder,ExerciseOrder
d_PosTyp,Allocation,Allocation
d_PosTyp,OptionAlloc,OptionAlloc
d_PosTyp,SA_Order,SA_Order
d_PosTyp,CA,CA
d_PosTyp,Certificate,Certificate
d_PosTyp,RegnDetail,RegnDetail
d_PosTyp,CM_Order,CM_Order
d_PosTyp,Coupon,Coupon
d_PosTyp,ConvOrder,ConvOrder
d_PosTyp,Eligibility,Eligibility
d_PosTyp,ICN,ICN
d_PosTyp,PeriodicCharge,PeriodicCharge
d_PosTyp,CMO,CMO
d_PosTyp,TBond,TBond
d_PosTyp,Repo,Repo
d_PosTyp,Retail_Order,Retail_Order
d_PosTyp,EMTNDeal,EMTNDeal
d_PosTyp,IntrstAcrl,IntrstAcrl
d_PosTyp,IntrstStBonds,IntrstStBonds
d_PosTyp,OpenPrtfl,OpenPrtfl
d_PosTyp,DTA_LSV_Order,DTA_LSV_Order
d_PosTyp,IntTransfer,IntTransfer
d_PosTyp,InPymntOrd,InPymntOrd
d_PosTyp,RcptInstruction,RcptInstruction
d_PosTyp,StandingOrder,StandingOrder
d_PosTyp,AssignOrder,AssignOrder
d_PosTyp,MarginOrder,MarginOrder
d_PosTyp,SICMessage,SICMessage
d_PosTyp,SWIFTMessage,SWIFTMessage
d_PosTyp,PresettledDeal,PresettledDeal
d_PosTyp,LinkedSAOrder,LinkedSAOrder
d_PosTyp,TOGroup,TOGroup
d_PosTyp,DervSett,DervSett
d_PosTyp,Assignment,Assignment
d_PosTyp,DsbrmntOrdr,DsbrmntOrdr
d_PosTyp,DsbrmntPlan,DsbrmntPlan
d_PosTyp,InvstPlan,InvstPlan
d_PosTyp,SwitchOrdr,SwitchOrdr
d_PosTyp,AutoOrdr,AutoOrdr
d_PosTyp,MFSimple,MFSimple
d_PosTyp,FAP,FAP
d_PosTyp,FAPG,FAPG
d_PosTyp,MemberLoan,MemberLoan
d_PosTyp,AccountLimit,AccountLimit
d_PosTyp,Amrtz,Amrtz
d_PosTyp,ChqPaidOut,ChqPaidOut
d_PosTyp,ChqPaidIn,ChqPaidIn
d_PosTyp,DDPaidOut,DDPaidOut
d_PosTyp,DDPaidIn,DDPaidIn
d_PosTyp,StpChqPymnt,StpChqPymnt
d_PosTyp,Mandate,Mandate
d_PosTyp,OvrDrftLmt,OvrDrftLmt
d_PosTyp,GlblCA,GlblCA
d_PosTyp,ConversionOrd,ConversionOrd
d_PosTyp,CmbntnOrdr,CmbntnOrdr
d_PosTyp,TrnsfrBlnc,TrnsfrBlnc
d_PosTyp,InitialiseBlnc,InitialiseBlnc
d_PosTyp,RprcIntrst,RprcIntrst
d_PosTyp,Expired_Pos,Expired_Pos
d_PosTyp,AdhocChrgs,AdhocChrgs
d_PosTyp,DrvMrgn,DrvMrgn
d_PosTyp,IBSTxns,IBSTxns
d_PosTyp,AME,AME
d_PosTyp,AccountOpening,AccountOpening
d_PosTyp,AdditionFeeZBA,AdditionFeeZBA
d_PosTyp,ChqRecon,ChqRecon
d_PosTyp,ExternalChrg,ExternalChrg
d_PosTyp,GetTxn,GetTxn
d_PosTyp,RptChrg,RptChrg
d_PosTyp,Final102,Final102
d_PosTyp,RejRet,RejRet
d_PosTyp,CTI,CTI
d_PosTyp,Return,Return
d_PosTyp,940,940
d_PosTyp,941,941
d_PosTyp,942,942
d_PosTyp,BillPaidIn,BillPaidIn
d_PosTyp,BillPaidOut,BillPaidOut
d_PosTyp,CTIId,CTIId
d_PosTyp,ChqPnOrdr,ChqPnOrdr
d_PosTyp,InvcApplication,InvcApplication
d_PosTyp,Originator,Originator
d_PosTyp,RemovalFeeZBA,RemovalFeeZBA
d_PosTyp,RetOrder,RetOrder
d_PosTyp,N96,N96
d_PosTyp,210,210
d_PosTyp,CnclRqst,CnclRqst
d_PosTyp,N91,N91
d_PosTyp,N95,N95
d_PosTyp,N90,N90
d_PosTyp,920,920
d_PosTyp,950,950
d_PosTyp,StpDDPymnt,StpDDPymnt
d_PosTyp,ExtAdvice,ExtAdvice
d_PosTyp,SDD_PDIN,SDD_PDIN
d_PosTyp,SDD_PDOUT,SDD_PDOUT
d_PosTyp,SDD_ORIG,SDD_ORIG
d_PosTyp,SDD_MAN,SDD_MAN
d_PosTyp,SDD_RTRNPDIN,SDD_RTRNPDIN
d_PosTyp,SDD_RTRNPDOUT,SDD_RTRNPDOUT
d_PosTyp,CashConcentration,CashConcentration
d_PosTyp,InvcAcrl,InvcAcrl
d_PosTyp,GrpdBook,GrpdBook
d_PosTyp,BulkPosType,BulkPosType
d_PosTyp,RspnsReq,RspnsReq
d_PosTyp,Alctn,Alctn
d_PosTyp,Alctn_Order,Alctn_Order
d_PosTyp,BC,BC
d_PosTyp,BackOfcPstn,BackOfcPstn
d_PosTyp,BackUpTaxPrdc,BackUpTaxPrdc
d_PosTyp,Bills,Bills
d_PosTyp,C21,C21
d_PosTyp,CCODAcnt,CCODAcnt
d_PosTyp,CER,CER
d_PosTyp,CLMOrder,CLMOrder
d_PosTyp,CPAdjstmnt,CPAdjstmnt
d_PosTyp,ClrngIn,ClrngIn
d_PosTyp,ClrngOut,ClrngOut
d_PosTyp,ConversionOrdr,ConversionOrdr
d_PosTyp,Current,Current
d_PosTyp,DD,DD
d_PosTyp,DIAShadowMvmnts,DIAShadowMvmnts
d_PosTyp,Deal,Deal
d_PosTyp,Deel,Deel
d_PosTyp,DisbrsmentCash,DisbrsmentCash
d_PosTyp,TrnCrsBsCIEAcnt,TrnCrsBsCIEAcnt
d_PosTyp,DisbrsmentTrfr,DisbrsmentTrfr
d_PosTyp,DrvPosnExpry,DrvPosnExpry
d_PosTyp,ExportBill,ExportBill
d_PosTyp,ExtLadChk,ExtLadChk
d_PosTyp,FEDS,FEDS
d_PosTyp,Flexi,Flexi
d_PosTyp,FrmVaultTfr,FrmVaultTfr
d_PosTyp,FxRvltn,FxRvltn
d_PosTyp,Guarantees,Guarantees
d_PosTyp,HdTlrTlrTfr,HdTlrTlrTfr
d_PosTyp,ICAMS,ICAMS
d_PosTyp,IdvstmntRun,IdvstmntRun
d_PosTyp,Ijarah,Ijarah
d_PosTyp,IncomeExpOrder,IncomeExpOrder
d_PosTyp,IncomeExpOrderDtl,IncomeExpOrderDtl
d_PosTyp,InvApplication,InvApplication
d_PosTyp,InwdBtch,InwdBtch
d_PosTyp,Istisnaa,Istisnaa
d_PosTyp,LinkedSENetSett,LinkedSENetSett
d_PosTyp,LmtUpdate,LmtUpdate
d_PosTyp,LoanActClosure,LoanActClosure
d_PosTyp,LoyaltySaving,LoyaltySaving
d_PosTyp,LtrofCredits,LtrofCredits
d_PosTyp,MLIntAccrual,MLIntAccrual
d_PosTyp,MLIntAppln,MLIntAppln
d_PosTyp,MT,MT
d_PosTyp,MT900,MT900
d_PosTyp,MT910,MT910
d_PosTyp,NCS,NCS
d_PosTyp,Offset,Offset
d_PosTyp,OpolTrnsfrOrdr,OpolTrnsfrOrdr
d_PosTyp,OutBtch,OutBtch
d_PosTyp,PO,PO
d_PosTyp,PooledSettOrdr,PooledSettOrdr
d_PosTyp,Pooled_Order,Pooled_Order
d_PosTyp,RpymntActTrnsfr,RpymntActTrnsfr
d_PosTyp,RpymntCash,RpymntCash
d_PosTyp,SCA,SCA
d_PosTyp,SafeCustody,SafeCustody
d_PosTyp,SafekpngFee,SafekpngFee
d_PosTyp,Sbscrptn_Order,Sbscrptn_Order
d_PosTyp,TT,TT
d_PosTyp,TaxLot,TaxLot
d_PosTyp,TcBuy,TcBuy
d_PosTyp,TcSell,TcSell
d_PosTyp,TlrToHdTlrTfr,TlrToHdTlrTfr
d_PosTyp,ToVaultTfr,ToVaultTfr
d_PosTyp,Trade,Trade
d_PosTyp,ExtNotionalPool,ExtNotionalPool
d_PosTyp,ClaimLedgrCharge,ClaimLedgrCharge
d_PosTyp,Writeoff,Writeoff
d_PosTyp,SHARETRADE_BatchTxn_BUY,SHARETRADE_BatchTxn_BUY
d_PosTyp,SHARETRADE_BatchTxn_SELL,SHARETRADE_BatchTxn_SELL
d_PosTyp,ASBA_FUND_TRANSFER,ASBA_FUND_TRANSFER
d_PosTyp,FX,FX
d_PosTyp,FCNR,FCNR
d_PosTyp,Cards,Cards
d_PosTyp,CardTransaction,CardTransaction
d_PosTyp,RDInstlmnt,RDInstlmnt
d_PosTyp,CltrlAbandn,CltrlAbandn
d_PosTyp,LoanCncl,LoanCncl
d_PosTyp,CounterprtyClaim,CounterprtyClaim
d_PosTyp,TxnBasedSweep,TxnBasedSweep
d_PosTyp,InterBankClaim,InterBankClaim
d_PosTyp,ICS,ICS
d_PosTyp,ICS_INTRST_RECORD,ICS_INTRST_RECORD
d_PosTyp,Representative,Representative
d_PosTyp,JointRepresentative,JointRepresentative
d_PosTyp,CashBlk,CashBlk
d_PosTyp,OutwardClearing,OutwardClearing
d_PosTyp,InwardClearing,InwardClearing
d_PosTyp,StpChq,StpChq
d_PosTyp,ChqCancel,ChqCancel
d_PosTyp,BulkBkng,BulkBkng
d_PosTyp,BulkPosTyp,BulkPosTyp
d_PosTyp,CrncyBuy,CrncyBuy
d_PosTyp,CrncySell,CrncySell
d_PosTyp,CrprtColl,CrprtColl
d_PosTyp,CrprtPmnt,CrprtPmnt
d_PosTyp,CstmrReport,CstmrReport
d_PosTyp,DIA,DIA
d_PosTyp,FundPlan,FundPlan
d_PosTyp,GlobalInterest,GlobalInterest
d_PosTyp,KestRecomp,KestRecomp
d_PosTyp,MsgQue,MsgQue
d_PosTyp,NAV,NAV
d_PosTyp,PayOrder,PayOrder
d_PosTyp,PrtflEntitlement,PrtflEntitlement
d_PosTyp,PymtNotification,PymtNotification
d_PosTyp,RTGS,RTGS
d_PosTyp,Subscription,Subscription
d_PosTyp,Unpaid,Unpaid
d_PosTyp,NotionalPool,NotionalPool
d_PosTyp,ExtTxnTyp,ExtTxnTyp
d_PosTyp,ExternalAccount,ExternalAccount
d_PosTyp,DepositTxn,DepositTxn
d_PosTyp,DepositOrderTxn,DepositOrderTxn
d_PosTyp,BGTxn,BGTxn
d_PosTyp,LCTxn,LCTxn
d_PosTyp,PreAdvcTxn,PreAdvcTxn
d_PosTyp,TFBillTxn,TFBillTxn
d_PosTyp,TFBillPayment,TFBillPayment
d_PosTyp,TFDC,TFDC
d_PosTyp,CustNotExch,CustNotExch
d_PosTyp,FCY_NOTESIN,FCY_NOTESIN
d_PosTyp,FCY_NOTESOUT,FCY_NOTESOUT
d_PosTyp,TlrTrnsfer,TlrTrnsfer
d_PosTyp,CshMachngByEye,CshMachngByEye
d_PosTyp,TFDCPay,TFDCPay
d_PosTyp,Salary,Salary
d_PosTyp,CashConc_Prcng,CashConc_Prcng
d_PosTyp,CashConc_Prcng_TBS,CashConc_Prcng_TBS
d_PosTyp,DamagedNotes,DamagedNotes
d_PosTyp,ELIMINATION_REQUEST,ELIMINATION_REQUEST
d_PosTyp,LEAF_STAT_UPDATE,LEAF_STAT_UPDATE
d_PosTyp,AcntDesg,AcntDesg
d_PosTyp,AddInfo,AddInfo
d_PosTyp,TFBGClaim,TFBGClaim
d_PosTyp,TFBGStlmnt,TFBGStlmnt
d_PosTyp,TFBGContrct,TFBGContrct
d_PosTyp,TFBGPymnt,TFBGPymnt
d_PosTyp,FlexiDepTxn,FlexiDepTxn
d_PosTyp,CARD_FX_SETTLEMENT,CARD_FX_SETTLEMENT
d_PosTyp,Ext_Sys_Chrg,Ext_Sys_Chrg
d_PosTyp,SBBTransfer,SBBTransfer
d_PosTyp,SBBIntrstReversal,SBBIntrstReversal
d_PosTyp,SBBTaxReversal,SBBTaxReversal
d_PosTyp,CntrctTrnsfr,CntrctTrnsfr
d_PosTyp,E_MONEY_BOX_MONTHEND_TXNS,E_MONEY_BOX_MONTHEND_TXNS
d_PosTyp,LossRecovery,LossRecovery
d_PosTyp,Business,Business
d_PosTyp,BusinessBank,BusinessBank
d_PosTyp,SCNTransfer,SCNTransfer
d_PosTyp,RSChequeReOrder,RSChequeReOrder
d_PosTyp,TxnCntMtchng,TxnCntMtchng
d_PosTyp,SCNAdjustment,SCNAdjustment
d_PosTyp,BulkCshWdrwl,BulkCshWdrwl
d_PosTyp,BulkCshDpst,BulkCshDpst
d_PosTyp,MarkedNotes,MarkedNotes
d_PosTyp,CHEQUE_BOOK_SUB_ORDER,CHEQUE_BOOK_SUB_ORDER
d_PosTyp,CHEQUE_INVENTORY_REQUEST,CHEQUE_INVENTORY_REQUEST
d_PosTyp,CHEQUE_INVENTORY_REQUEST_DTLS,CHEQUE_INVENTORY_REQUEST_DTLS
d_PosTyp,SCNTxn,SCNTxn
d_PosTyp,RSFundTrf,RSFundTrf
d_PosTyp,FakeNotesTxn,FakeNotesTxn
d_PosTyp,SCNTallyTxn,SCNTallyTxn
d_PosTyp,LnkgTxn,LnkgTxn
d_PosTyp,LoanFreezing,LoanFreezing
d_PosTyp,Report,Report
d_PosTyp,LoanWriteOff,LoanWriteOff
d_PosTyp,LoanPartWriteOff,LoanPartWriteOff
d_PosTyp,LoanReschedule,LoanReschedule
d_PosTyp,LoanRollover,LoanRollover
d_PosTyp,LoanForcedIntrstCaptlzt,LoanForcedIntrstCaptlzt
d_PosTyp,AdvanceRepayment,AdvanceRepayment
d_PosTyp,CollateralPool,CollateralPool
d_PosTyp,LoanForcedIntrstCaptlztn,LoanForcedIntrstCaptlztn
d_PosTyp,AssetTxn,AssetTxn
d_PosTyp,ConstructionDisb,ConstructionDisb
d_PosTyp,RetentionPay,RetentionPay
d_PosTyp,branch_transfer,branch_transfer
d_PosTyp,LoanAdjustment,LoanAdjustment
d_PosTyp,FORBEARANCE,FORBEARANCE
d_PosTyp,Offline_Settlement,Offline_Settlement
d_PosTyp,LimitRedraw,LimitRedraw
d_PosTyp,Insurance,Insurance
d_PosTyp,NegBal,NegBal
d_PosTyp,AMEStandingOrder,AMEStandingOrder
d_PosTyp,NPATxn,NPATxn
d_PosTyp,ShreAppln,ShreAppln
d_PosTyp,Syndication,Syndication
d_PosTyp,CollateralRelease,CollateralRelease
d_PosTyp,Securitization,Securitization
d_PosTyp,PndngChrgComp,PndngChrgComp
d_PosTyp,Appraisal,Appraisal
d_PosTyp,PASSBOOK_ACCOUNT,PASSBOOK_ACCOUNT
d_PosTyp,AccStmntTxn,AccStmntTxn
d_PosTyp,KIOSK_DEP_TXN,KIOSK_DEP_TXN
d_PosTyp,IBT,IBT
d_PosTyp,Challan,Challan
d_PosTyp,IBT_Res,IBT_Res
d_PosTyp,FollowUp,FollowUp
d_PosTyp,VendorTxn,VendorTxn
d_PosTyp,FixedAssetPur,FixedAssetPur
d_PosTyp,FixedAsset,FixedAsset
d_PosTyp,RfndOfRpymntAdvnc,RfndOfRpymntAdvnc
d_PosTyp,TopUp,TopUp
d_PosTyp,DownPayment,DownPayment
d_PosTyp,RSBillsBatchOrd,RSBillsBatchOrd
d_PosTyp,RSCashOrd,RSCashOrd
d_PosTyp,RSDrftSaleOrd,RSDrftSaleOrd
d_PosTyp,RSTCSaleOrd,RSTCSaleOrd
d_PosTyp,RSBillsPrchsOrd,RSBillsPrchsOrd
d_PosTyp,LoanRecall,LoanRecall
d_PosTyp,SecDeposit,SecDeposit
d_PosTyp,IntrstSubsidy,IntrstSubsidy
d_PosTyp,CommdtyPurchase,CommdtyPurchase
d_PosTyp,CommdtySell,CommdtySell
d_PosTyp,CommdtyTransfer,CommdtyTransfer
d_PosTyp,BackValueDtRpymnt,BackValueDtRpymnt
d_PosTyp,BackValueDtPrePymnt,BackValueDtPrePymnt
d_PosTyp,DwnpymntSubsidy,DwnpymntSubsidy
d_PosTyp,LoanCancellation,LoanCancellation
d_PosTyp,CommImmSell,CommImmSell
d_PosTyp,RescheduleChrge,RescheduleChrge
d_PosTyp,DeveloperAccountingTranche,DeveloperAccountingTranche
d_PosTyp,PurchseOnCompletion,PurchseOnCompletion
d_PosTyp,Virtual,Virtual
d_PosTyp,FUNDING_TXN,FUNDING_TXN
d_PosTyp,FUNDING_BOOKING,FUNDING_BOOKING
d_PosTyp,PreNotice,PreNotice
d_PosTyp,SyndicationLoan,SyndicationLoan
d_PosTyp,LoanPostponement,LoanPostponement
d_PosTyp,Preclosure,Preclosure
d_PosTyp,Prepaymnt,Prepaymnt
d_PosTyp,WriteOffCollection,WriteOffCollection
d_PosTyp,ComdtyBlockfrRlos,ComdtyBlockfrRlos
d_PosTyp,ELCTxn,ELCTxn
d_PosTyp,ELCBillTxn,ELCBillTxn
d_PosTyp,ELCBillPayTxn,ELCBillPayTxn
d_PosTyp,EDCBillTxn,EDCBillTxn
d_PosTyp,LocCrBlncGL,LocCrBlncGL
d_PosTyp,CryptoWallet,CryptoWallet
d_PosTyp,RepaySimulExtract,RepaySimulExtract
d_PosTyp,CryptoStakingTransfer,CryptoStakingTransfer
d_PosTyp,CryptoExitOrder,CryptoExitOrder
d_PosTyp,CryptoRebalancing,CryptoRebalancing
d_PosTyp,ATMBlncInqTxnChrg,ATMBlncInqTxnChrg
d_PosTyp,ATMDecTxnChrg,ATMDecTxnChrg
d_PosTyp,Escrow,Escrow
d_PosTyp,VAM_BKNG,VAM_BKNG
d_PosTyp,BCStopPymnt,BCStopPymnt
d_PosTyp,BCRevokeStopPymnt,BCRevokeStopPymnt
d_PosTyp,CryptoStakingRewards,CryptoStakingRewards
d_PosTyp,RevOfRepayment,RevOfRepayment
d_PosTyp,DeathDisability,DeathDisability
d_PosTyp,EarlyTermDeathdisability,EarlyTermDeathdisability
d_PosTyp,EarlyTermBuyoutloan,EarlyTermBuyoutloan
d_PosTyp,EarlyTermStaffloan,EarlyTermStaffloan
d_PosTyp,EarlyTermPreremidial,EarlyTermPreremidial
d_PosTyp,SyndicationEvent,SyndicationEvent
d_PosTyp,AWBEndorsement,AWBEndorsement
d_PosTyp,IBGPosTyp,IBGPosTyp
d_PosTyp,CrncySwtch,CrncySwtch
d_PosTyp,ManualInterestAdjust,ManualInterestAdjust
d_PosTyp,ChrgSimulator,ChrgSimulator
d_PosTyp,EDCPurchaseOrder,EDCPurchaseOrder
d_PosTyp,APAROrigination,APAROrigination
d_PosTyp,APARResponding,APARResponding
d_PosTyp,TFIBGContrct,TFIBGContrct
d_PosTyp,ChngStlmntAcnt,ChngStlmntAcnt
d_PosTyp,NPDPosTyp,NPDPosTyp
d_PosTyp,AWBDCPosTyp,AWBDCPosTyp
d_PosTyp,PDC_TXN,PDC_TXN
d_PosTyp,UFT_TXN,UFT_TXN
d_PosTyp,Contingent_Txn,Contingent_Txn
d_PosTyp,Issuance_SPLetterOfComfort,Issuance_SPLetterOfComfort
d_PosTyp,Reversal_SPLetterOfComfort,Reversal_SPLetterOfComfort
d_PosTyp,Forward_FAReceiptLetterOfComfort,Forward_FAReceiptLetterOfComfort
d_PosTyp,Reversal_FAReceiptLetterOfComfort,Reversal_FAReceiptLetterOfComfort
d_PosTyp,Issuance_of_Nonfund,Issuance_of_Nonfund
d_PosTyp,Payment_of_Nonfund,Payment_of_Nonfund
d_PosTyp,Forward_SFAUtilisation,Forward_SFAUtilisation
d_PosTyp,Reversal_SFAUtilisation,Reversal_SFAUtilisation
d_PosTyp,TFCrystallizationLoan,TFCrystallizationLoan
d_PosTyp,DormancyChrg,DormancyChrg
d_PosTyp,SalePurchasePosTyp,SalePurchasePosTyp
d_PosTyp,DpstChrgs,DpstChrgs
d_PosTyp,Onlinebnkingpymntbkng,Onlinebnkingpymntbkng
d_PosTyp,Discountingorder,Discountingorder
d_PosTyp,Product,Product
d_PosTyp,Nostro,Nostro
d_PosTyp,LOC,LOC
d_PosTyp,Savings,Savings
d_PosTyp,Term Deposit,Term Deposit
d_Useraction,Approve,Approve
d_Useraction,Cancel,Cancel
d_Useraction,Close,Close
d_Useraction,Reject,Reject
d_Useraction,Sendback,Sendback
d_Useraction,Submitforapproval,Submitforapproval
d_Useraction,Submitforcancellation,Submitforcancellation
d_Useraction,Submitforclosing,Submitforclosing
d_Useraction,Submitforverification,Submitforverification
d_TFMrgnAcntgTyp,NoMargin,NoMargin
d_TFMrgnAcntgTyp,CustomerDeposit,CustomerDeposit
d_TFMrgnAcntgTyp,InternalBankAC,InternalBankAC
d_TFMrgnAcntgTyp,Lein,Lein
d_TFMrgnAcntgTyp,CustomerCurrent,CustomerCurrent
d_TFMrgnAcntgTyp,TermDeposit,TermDeposit
d_TFMrgnAcntgTyp,Collateral,Collateral
d_cudindicator,Create,Create
d_cudindicator,Modify,Modify
d_cudindicator,Delete,Delete
d_TFDocRcvFrm,Bank,Bank
d_TFDocRcvFrm,Individual,Individual
d_TFDocRcvFrm,Corporate,Corporate
d_YesNoFlg,Yes,Yes
d_YesNoFlg,No,No
d_RevolvingEvent,EqualUtilization,EqualUtilization
d_RevolvingEvent,Periodical,Periodical
d_RevolvingAmount,LCAmount,LCAmount
d_RevolvingAmount,UtilisedAmount,UtilisedAmount
d_RevolvingPeriod,Quarterly,Quarterly
d_RevolvingPeriod,HalfYearly,HalfYearly
d_RevolvingPeriod,Monthly,Monthly
d_RevolvingPeriod,Yearly,Yearly
d_CumulativeType,Cumulative,Cumulative
d_CumulativeType,NonCumulative,NonCumulative
d_Reinstatement,Automatically,Automatically
d_Reinstatement,Manual,Manual
d_TFLCStatus,OnHold,OnHold
d_TFLCStatus,Released,Released
d_TFLCStatus,Verified,Verified
d_TFLCStatus,Executed,Executed
d_TFLCStatus,Rejected,Rejected
d_TFLCStatus,AmndmntInit,AmndmntInit
d_TFLCStatus,WaitingForRate,WaitingForRate
d_TFLCStatus,Expired,Expired
d_TFLCStatus,CnclClosePndng,CnclClosePndng
d_TFLCStatus,CnclCloseVerify,CnclCloseVerify
d_TFLCStatus,Cancelled,Cancelled
d_TFLCStatus,Closed,Closed
d_TFLCStatus,ModifyOnHold,ModifyOnHold
d_TFLCStatus,ModifyReleased,ModifyReleased
d_TFLCStatus,RevivedLCOnHold,RevivedLCOnHold
d_TFLCStatus,RevivedLCReleased,RevivedLCReleased
d_TFLCStatus,Revived,Revived
d_TFLCStatus,SentBack,SentBack
d_TFLCStatus,SGPending,SGPending
d_TFLCStatus,ComplianceFailed,ComplianceFailed
d_TFLCStatus,ComplianceOnHold,ComplianceOnHold
d_TFLCStatus,Reject,Reject
d_TFLCRule,EUCPLATESTVERSION,EUCPLATESTVERSION
d_TFLCRule,EUCPURRLATESTVERSION,EUCPURRLATESTVERSION
d_TFLCRule,ISPLATESTVERSION,ISPLATESTVERSION
d_TFLCRule,OTHR,OTHR
d_TFLCRule,UCPLATESTVERSION,UCPLATESTVERSION
d_TFLCRule,UCPURRLATESTVERSION,UCPURRLATESTVERSION
d_SettlementMode,NEFT,NEFT
d_SettlementMode,RTGS,RTGS
d_SettlementMode,SWIFT,SWIFT
d_InterDomestic,International,International
d_InterDomestic,Domestic,Domestic
d_TFResponse,Positive,Positive
d_TFResponse,Negative,Negative
d_TFResponse,Not Received,Not Received
d_TFResponse,Swift Received,Swift Received
d_TFResponse,Message Verified,Message Verified
d_TFAmlStat,MatchFound,MatchFound
d_TFAmlStat,NoMatchFound,NoMatchFound
d_TFBnkTyp,Benficiary,Benficiary
d_TFBnkTyp,Advising Bank,Advising Bank
d_TFBnkTyp,Advice Through Bank(57a),Advice Through Bank(57a)
d_TFBnkTyp,Confirming Bank(49),Confirming Bank(49)
d_TFBnkTyp,Reimbursing Bank,Reimbursing Bank
d_TFCnfrmTyp,Confirm,Confirm
d_TFCnfrmTyp,Without,Without
d_TFCnfrmTyp,MayAdd,MayAdd
d_TFReimbChrge,CLM,CLM
d_TFReimbChrge,OUR,OUR
d_TFIntercms,CFR - Cost and Freight,CFR - Cost and Freight
d_TFIntercms,CPT - Carriage Paid To,CPT - Carriage Paid To
d_TFIntercms,CIP Carriage Insurance Paid To,CIP Carriage Insurance Paid To
d_TFIntercms,CIF Cost Insurance and Freight,CIF Cost Insurance and Freight
d_TFIntercms,DAP - Delivered at Place,DAP - Delivered at Place
d_TFIntercms,Delivered Duty Paid,Delivered Duty Paid
d_TFIntercms,EXW-Ex-Works,EXW-Ex-Works
d_TFIntercms,Free alongside Ship,Free alongside Ship
d_TFIntercms,FCA- Free Carrier,FCA- Free Carrier
d_TFIntercms,Free Delivery at Sub Contract,Free Delivery at Sub Contract
d_commdTyp,Capital_MachineryNdSpares,Capital_MachineryNdSpares
d_commdTyp,Non_Capital_Goods,Non_Capital_Goods
d_commdTyp,Spares,Spares
d_commdTyp,Services,Services
d_transTyp,MultimodalTransport,MultimodalTransport
d_transTyp,RoadTransport,RoadTransport
d_transTyp,Others,Others
d_transTyp,Sea Transport,Sea Transport
d_transTyp,Air transport,Air transport
d_transTyp,Rail Transport,Rail Transport
d_TFPrtlShp,NotAllowed,NotAllowed
d_TFPrtlShp,Allowed,Allowed
d_TFPrtlShp,Conditional,Conditional
d_TFTrnsShp,Allowed,Allowed
d_TFTrnsShp,Not Allowed,Not Allowed
d_TFTrnsShp,Conditional,Conditional
d_TFShpDocTyp,BillLading,BillLading
d_TFShpDocTyp,AirwayBill,AirwayBill
d_TFShpDocTyp,LocalTrnsprt,LocalTrnsprt
d_TFShpDocTyp,MultiMdlTrnsprt,MultiMdlTrnsprt
d_TFGoodsType,Capital,Capital
d_TFGoodsType,NonCapital,NonCapital
d_TFGoodsType,Services,Services
d_TFGoodsType,Others,Others
d_RiskTyp,clauseA,clauseA
d_RiskTyp,clauseB,clauseB
d_RiskTyp,clauseC,clauseC
d_RiskTyp,Others,Others
d_AvailType,Coursed,Coursed
d_AvailType,Endorsed,Endorsed
d_CompTag,Accredited,Accredited
d_CompTag,NonAccredited,NonAccredited
d_CoverType,MRI,MRI
d_CoverType,FIP,FIP
d_CoverType,PFI,PFI
d_CoverType,CARI,CARI
d_CoverType,MC,MC
d_CoverType,HB,HB
d_CoverType,RB,RB
d_TFPolNat,Open,Open
d_TFPolNat,Close,Close
d_TFTenorTyp,Sight,Sight
d_TFTenorTyp,Usance,Usance
d_TFTenorTyp,MixedPayment,MixedPayment
d_TFTenorTyp,DeferredPayment,DeferredPayment
d_TFUsance,AfterSight,AfterSight
d_TFUsance,AfterAcceptance,AfterAcceptance
d_TFUsance,DateofTrnsprtDoc,DateofTrnsprtDoc
d_TFUsance,DateofInvoice,DateofInvoice
d_TFUsance,DateofBillofExch,DateofBillofExch
d_TFUsance,DateofNego,DateofNego
d_chrgsPay,Applicant,Applicant
d_chrgsPay,Beneficiary,Beneficiary
d_chrgsPay,OtherParty,OtherParty
d_ElcMode,IMMEDIATE,IMMEDIATE
d_ElcMode,BILLPAYMENT,BILLPAYMENT
d_TFBillStat,Partially Paid,Partially Paid
d_TFBillStat,Refused,Refused
d_TFBillStat,Acceptal Refusal Verified,Acceptal Refusal Verified
d_TFBillStat,Acceptal Refusal Pending,Acceptal Refusal Pending
d_TFBillStat,Lodged,Lodged
d_TFBillStat,Accepted,Accepted
d_TFBillStat,Cancelled,Cancelled
d_TFBillStat,Verified,Verified
d_TFBillStat,Released,Released
d_TFBillStat,Waiting ForRate,Waiting ForRate
d_TFBillStat,Bill Paid,Bill Paid
d_TFBillStat,On Hold/Draft,On Hold/Draft
d_TFBillStat,Acknowledged,Acknowledged
d_TFBillStat,Return of Documents,Return of Documents
d_TFBillStat,Pending Return,Pending Return
d_TFBillStat,SentBack,SentBack
d_TFBillStat,Rejected,Rejected
d_TFBillStat,Compliance Failed,Compliance Failed
d_TFBillStat,Compliance OnHold,Compliance OnHold
d_TFBillStat,Compliance Approved,Compliance Approved
d_TFBillStat,Compliance Rejected,Compliance Rejected
d_TFChrgTyp,Applicant,Applicant
d_TFChrgTyp,Beneficiary,Beneficiary
d_TFChrgTyp,Shared,Shared
d_TFChrgTyp,CLM,CLM
d_TFChrgTyp,OUR,OUR
d_dispCharges,Applicant,Applicant
d_dispCharges,Beneficiary,Beneficiary
d_TFSrcDocs,Eml,Eml
d_TFSrcDocs,Scnd,Scnd
d_TFSrcDocs,Org,Org
d_MailingAddr,Electronic,Electronic
d_MailingAddr,Physical,Physical
d_TFPresLetter,Issuing,Issuing
d_TFPresLetter,Intermediary,Intermediary
d_FreqUnit,Day,Day
d_FreqUnit,Week,Week
d_FreqUnit,BiWeekly,BiWeekly
d_FreqUnit,Month,Month
d_FreqUnit,Year,Year
d_TFPayStlmntTyp,Ready,Ready
d_TFPayStlmntTyp,NoConversion,NoConversion
d_TFPayStlmntTyp,PreDeal,PreDeal
d_TFPayStlmntTyp,Manual,Manual
d_TFAccTypFx,Savings Account,Savings Account
d_TFAccTypFx,Current Account,Current Account
d_TFAccTypFx,LOC Account,LOC Account
d_TFAccTypFx,Loan Account,Loan Account
d_TFAccTypFx,Internal Account,Internal Account
d_TFBlPayTyp,Sight,Sight
d_TFBlPayTyp,Usance,Usance
d_TFBlPayStat,OnHold,OnHold
d_TFBlPayStat,Released,Released
d_TFBlPayStat,Verified,Verified
d_TFBlPayStat,Rejected,Rejected
d_TFBlPayStat,Executed,Executed
d_TFBlPayStat,Settled,Settled
d_TFBlPayStat,CancelPending,CancelPending
d_TFBlPayStat,CancelVerified,CancelVerified
d_TFBlPayStat,Cancelled,Cancelled
d_TFBlPayStat,WaitingForRate,WaitingForRate
d_TFBlPayStat,ForcePending,ForcePending
d_TFBlPayStat,ForceVerified,ForceVerified
d_TFBlPayStat,ReversePending,ReversePending
d_TFBlPayStat,ReverseVerified,ReverseVerified
d_TFBlPayStat,ImportLoan,ImportLoan
d_TFBlPayStat,DevolvedLC,DevolvedLC
d_TFBlPayStat,SentBack,SentBack
d_TFBlPayStat,TRLoan,TRLoan
d_TFBlPayStat,ComplianceFailed,ComplianceFailed
d_TFBlPayStat,ComplianceOnHold,ComplianceOnHold
d_TFBlPayStat,Reject,Reject
d_InsrName,"COMMONWEALTH INSURANCE COMPAYN, INC.","COMMONWEALTH INSURANCE COMPAYN, INC."
d_InsrName,"UCPB GENERAL INSURANCE COMPANY, INC.","UCPB GENERAL INSURANCE COMPANY, INC."
d_InsrName,ORIENTAL ASSURANCE CORPORATION,ORIENTAL ASSURANCE CORPORATION
d_InsrName,PACIFIC UNION INSURANCE COMPANY,PACIFIC UNION INSURANCE COMPANY
d_InsrName,PEOPLE'S GENERAL INSURANCE CORPORATION,PEOPLE'S GENERAL INSURANCE CORPORATION
d_InsrName,"PNB GENERAL INSURERS CO., INC.","PNB GENERAL INSURERS CO., INC."
d_InsrName,"STANDARD INSURANCE COMPANY, INC.","STANDARD INSURANCE COMPANY, INC."
d_InsrName,THE FIRST NATIONWIDE ASSURANCE CORPORATION,THE FIRST NATIONWIDE ASSURANCE CORPORATION
d_InsrName,"PHILIPPINE FIRST INSURANCE COMPANY, INC.","PHILIPPINE FIRST INSURANCE COMPANY, INC."
d_InsrName,"MALAYAN INSURANCE COMPANY, INC.","MALAYAN INSURANCE COMPANY, INC."
d_InsrName,PIONEER INSURANCE AND SURETY SURETY CORPORATION,PIONEER INSURANCE AND SURETY SURETY CORPORATION
d_InsrName,ETIQA LIFE AND GENERAL ASSURANCE PHILIPPINES INC (FORMERLY ASIAN LIFE AND GENERAL ASSURANCE CORPORATION),ETIQA LIFE AND GENERAL ASSURANCE PHILIPPINES INC (FORMERLY ASIAN LIFE AND GENERAL ASSURANCE CORPORATION)
d_InsrName,"BENEFICIAL LIFE INSURANCE COMPANY, INC.","BENEFICIAL LIFE INSURANCE COMPANY, INC."
d_InsrName,PHILIPPINES AXA LIFE INSURANCE CORPORATION,PHILIPPINES AXA LIFE INSURANCE CORPORATION
d_InsrName,FORTUNE GENERAL INSURANCE CORPORATION,FORTUNE GENERAL INSURANCE CORPORATION
d_InsrName,VISAYAN SURETY & INSURANCE CORPORATION,VISAYAN SURETY & INSURANCE CORPORATION
d_InsrName,FPG INSURANCE CO. INC.,FPG INSURANCE CO. INC.
d_InsrName,PRUDENTIAL GUARANTEE AND ASSURANCE INC.,PRUDENTIAL GUARANTEE AND ASSURANCE INC.
d_InsrName,CHARTER PING AN INSURANCE CORPORATION,CHARTER PING AN INSURANCE CORPORATION
d_InsrName,"MERCANTILE INSURANCE COMPANY, INC.","MERCANTILE INSURANCE COMPANY, INC."
d_InsrName,MILESTONE GUARANTY & ASSURANCE CORP,MILESTONE GUARANTY & ASSURANCE CORP
d_InsrName,ASIA UNITED INSURANCE INC.,ASIA UNITED INSURANCE INC.
d_InsrName,MAPFRE INSULAR INSURANCE CORPORATION,MAPFRE INSULAR INSURANCE CORPORATION
d_InsrName,SOUTH OF ENGLAND MUTUAL LTD DELAWARE U.S.A.,SOUTH OF ENGLAND MUTUAL LTD DELAWARE U.S.A.
d_InsrName,PHILAM LIFE INSURANCE,PHILAM LIFE INSURANCE
d_InsrName,PRU LIFE UK,PRU LIFE UK
d_InsrName,INSULAR LIFE INS. CO.,INSULAR LIFE INS. CO.
d_InsrName,MANULIFE PHILIPPINES,MANULIFE PHILIPPINES
d_InsrName,SUNLIFE GREPA,SUNLIFE GREPA
d_InsrName,SUNLIFE FINANCIAL PHILIPPINES,SUNLIFE FINANCIAL PHILIPPINES
d_InsrName,"PHIL, PRUDENTIAL LIFE INS. CORP.","PHIL, PRUDENTIAL LIFE INS. CORP."
d_InsrName,EAST WEST AGEAS LIFE INSURANCE CORPORATION,EAST WEST AGEAS LIFE INSURANCE CORPORATION
d_InsrName,PARAMOUNT LIFE & GENERAL INSURANCECORPORATION,PARAMOUNT LIFE & GENERAL INSURANCECORPORATION
d_InsrName,"PRUCO LIFE INSURANCE CO, PHILADELPIA PA","PRUCO LIFE INSURANCE CO, PHILADELPIA PA"
d_InsrName,UNITED COCONUT PLANTERS LIFE ASSUARANCE CORPORATION,UNITED COCONUT PLANTERS LIFE ASSUARANCE CORPORATION
d_AWBStatus,Initiated,Initiated
d_AWBStatus,Authorised,Authorised
d_AWBStatus,Rejected,Rejected
d_AWBStatus,Active,Active
d_AWBStatus,Inactive,Inactive
d_TFLCAmndStatus,OnHold,OnHold
d_TFLCAmndStatus,Released,Released
d_TFLCAmndStatus,Verified,Verified
d_TFLCAmndStatus,Executed,Executed
d_TFLCAmndStatus,Rejected,Rejected
d_TFLCAmndStatus,AmndmntInit,AmndmntInit
d_TFLCAmndStatus,WaitingForRate,WaitingForRate
d_TFLCAmndStatus,Accepted,Accepted
d_TFLCAmndStatus,AmndmntSent,AmndmntSent
d_TFLCAmndStatus,AcptRefPndng,AcptRefPndng
d_TFLCAmndStatus,AcptRefVerified,AcptRefVerified
d_TFLCAmndStatus,Refused,Refused
d_TFLCAmndStatus,SentBack,SentBack
d_TFLCAmndStatus,ComplianceFailed,ComplianceFailed
d_TFLCAmndStatus,ComplianceOnHold,ComplianceOnHold
d_TFLCAmndStatus,Reject,Reject
d_TFBGStatus,OnHold,OnHold
d_TFBGStatus,PendingClosure,PendingClosure
d_TFBGStatus,WaitingForRate,WaitingForRate
d_TFBGStatus,AmndmntInit,AmndmntInit
d_TFBGStatus,AcptRefPndng,AcptRefPndng
d_TFBGStatus,Final1,Final1
d_TFBGStatus,SuspWdrwPndng,SuspWdrwPndng
d_TFBGStatus,CnclClosePndng,CnclClosePndng
d_TFBGStatus,RevivalPndng,RevivalPndng
d_TFBGStatus,ModifyOnHold,ModifyOnHold
d_TFBGStatus,ModifyReleased,ModifyReleased
d_TFBGStatus,NRCancel,NRCancel
d_TFBGStatus,ComplianceFailed,ComplianceFailed
d_TFBGStatus,ComplianceOnHold,ComplianceOnHold
d_TFBGStatus,Reject,Reject
d_TFBGStatus,Claimed,Claimed
d_TFBGStatus,Cancelled,Cancelled
d_TFBGStatus,Compliance OnHold,Compliance OnHold
d_TFBGStatus,Compliance Rejected,Compliance Rejected
d_TFBGStatus,Compliance Approved,Compliance Approved
d_TFBGStatus,Accept Refusal Pending,Accept Refusal Pending
d_TFBGStatus,Amendment Initiated,Amendment Initiated
d_TFBGStatus,Modify Released,Modify Released
d_TFBGStatus,Modify On Hold,Modify On Hold
d_TFBGStatus,Cancel Close Pending,Cancel Close Pending
d_TFBGStatus,Closed,Closed
d_TFBGStatus,Executed,Executed
d_TFBGStatus,Expired,Expired
d_TFBGStatus,Final,Final
d_TFBGStatus,On Hold/Draft,On Hold/Draft
d_TFBGStatus,Pending Closure,Pending Closure
d_TFBGStatus,Refused,Refused
d_TFBGStatus,Released,Released
d_TFBGStatus,Revival Pending,Revival Pending
d_TFBGStatus,Suspend Withdraw Pending,Suspend Withdraw Pending
d_TFBGStatus,Verified,Verified
d_TFBGStatus,Waiting For Rate,Waiting For Rate
d_TFBGStatus,SentBack,SentBack
d_TFBGStatus,Not Received,Not Received
d_TFBGStatus,Compliance Failed,Compliance Failed
d_TFBGStatus,Rejected,Rejected
d_TFBGStatus,BG Claimed,BG Claimed
d_OrdMode,Telephone,Telephone
d_OrdMode,MgmntMandate,MgmntMandate
d_OrdMode,Telex,Telex
d_OrdMode,Facsimile,Facsimile
d_OrdMode,Customer,Customer
d_OrdMode,InternalOrder,InternalOrder
d_OrdMode,E_Mail,E_Mail
d_OrdMode,Teller,Teller
d_OrdMode,Written,Written
d_OrdMode,VrbWrtNoSig,VrbWrtNoSig
d_OrdMode,VrbWrtSig,VrbWrtSig
d_OrdMode,OthrMechOrElct,OthrMechOrElct
d_OrdMode,Internet,Internet
d_OrdMode,Call_Center,Call_Center
d_OrdMode,Local_Bank,Local_Bank
d_OrdMode,IVR,IVR
d_OrdMode,LiffeConnect,LiffeConnect
d_OrdMode,PSCAN,PSCAN
d_OrdMode,FBK,FBK
d_OrdMode,VOCA,VOCA
d_OrdMode,WBC,WBC
d_OrdMode,LocalBank,LocalBank
d_OrdMode,OprtrWrkStnCstm,OprtrWrkStnCstm
d_OrdMode,OprtrWrkStnFax,OprtrWrkStnFax
d_OrdMode,OprtrWrkStnPhne,OprtrWrkStnPhne
d_OrdMode,OprtrWrkStnSMS,OprtrWrkStnSMS
d_OrdMode,TrdWrkStnCstm,TrdWrkStnCstm
d_OrdMode,TrdWrkStnFax,TrdWrkStnFax
d_OrdMode,TrdWrkStnPhne,TrdWrkStnPhne
d_OrdMode,TrdWrkStnSMS,TrdWrkStnSMS
d_OrdMode,BaNCS_SP,BaNCS_SP
d_OrdMode,DLAM,DLAM
d_OrdMode,E_Finance,E_Finance
d_OrdMode,UNKNOWN,UNKNOWN
d_OrdMode,ZVIS_GUI,ZVIS_GUI
d_OrdMode,TDSYNTH,TDSYNTH
d_OrdMode,E-Mail,E-Mail
d_OrdMode,Letter,Letter
d_OrdMode,SFMS,SFMS
d_OrdMode,SWIFT,SWIFT
d_OrdMode,Physical,Physical
d_ModeOfRecovery,Casa,Casa
d_ModeOfRecovery,LoC,LoC
d_ModeOfRecovery,Loan,Loan
d_ModeOfRecovery,CasaAndLoan,CasaAndLoan
d_ModeOfRecovery,CasaAndLoC,CasaAndLoC
d_ModeOfRecovery,LoCAndLoan,LoCAndLoan
d_ModeOfRecovery,CasaLoCAndLoan,CasaLoCAndLoan
d_TFPrePostLoanStatus,OnHold,OnHold
d_TFPrePostLoanStatus,Release,Release
d_TFPrePostLoanStatus,Executed,Executed
d_TFPrePostLoanStatus,Rejected,Rejected
d_TFPrePostLoanStatus,Sentback,Sentback
d_TFPrePostLoanStatus,PendingCancel,PendingCancel
d_TFPrePostLoanStatus,Cancelled,Cancelled
d_TFPrePostLoanStatus,PendingClose,PendingClose
d_TFPrePostLoanStatus,Closed,Closed
d_TFPrePostLoanStatus,AmendInitiated,AmendInitiated
d_TFPrePostLoanStatus,Expired,Expired
d_TFPrePostLoanStatus,Verified,Verified
d_TFPrePostLoanStatus,WaitingForRate,WaitingForRate
d_TFPrePostLoanStatus,RateAvailable,RateAvailable
d_TFPrePostLoanStatus,RateRejected,RateRejected
d_TFPrePostLoanStatus,RateCancelled,RateCancelled
d_TFPrePostLoanStatus,Disbursed,Disbursed
d_TFPrePostLoanStatus,Settled,Settled
d_TFPrePostLoanStatus,Active,Active
d_TFPrePostLoanStatus,PendingCrystallization,PendingCrystallization
d_TFPrePostLoanStatus,Crystallised,Crystallised
d_TFDCStat,OnHold,OnHold
d_TFDCStat,Released,Released
d_TFDCStat,Verified,Verified
d_TFDCStat,Rejected,Rejected
d_TFDCStat,Accepted,Accepted
d_TFDCStat,Lodged,Lodged
d_TFDCStat,AcptRefPndng,AcptRefPndng
d_TFDCStat,AcptRefVerified,AcptRefVerified
d_TFDCStat,Refused,Refused
d_TFDCStat,PartiallyPaid,PartiallyPaid
d_TFDCStat,BillPaid,BillPaid
d_TFDCStat,Invalid,Invalid
d_TFDCStat,Closed,Closed
d_TFDCStat,WaitingForRate,WaitingForRate
d_TFDCStat,ReturnPending,ReturnPending
d_TFDCStat,Acknowledged,Acknowledged
d_TFDCStat,ReturnOfDocuments,ReturnOfDocuments
d_TFDCStat,PendingReturn,PendingReturn
d_TFDCStat,SentBack,SentBack
d_TFDCStat,FopClosed,FopClosed
d_TFDCStat,Reject,Reject
d_AdvicePurpose,PhysicalCopyAdv,PhysicalCopyAdv
d_AdvicePurpose,MT710,MT710
d_AdvicePurpose,MT710Confirm,MT710Confirm
d_ELCCharges71D,AGENT,AGENT
d_ELCCharges71D,COMM,COMM
d_ELCCharges71D,CORCOM,CORCOM
d_ELCCharges71D,DISC,DISC
d_ELCCharges71D,INSUR,INSUR
d_ELCCharges71D,POST,POST
d_ELCCharges71D,STAMP,STAMP
d_ELCCharges71D,TELECHAR,TELECHAR
d_ELCCharges71D,WAREHOUS,WAREHOUS
d_ModeOfTransmission,SWIFT,SWIFT
d_ModeOfTransmission,Physical,Physical
d_ElcPayFlg,YES,YES
d_ElcPayFlg,NO,NO
d_TFDscrpncy,Yes,Yes
d_TFDscrpncy,No,No
d_TFDscrpncy,NotSelected,NotSelected
d_TFBlStat,OnHold,OnHold
d_TFBlStat,Released,Released
d_TFBlStat,Verified,Verified
d_TFBlStat,Rejected,Rejected
d_TFBlStat,Accepted,Accepted
d_TFBlStat,Lodged,Lodged
d_TFBlStat,AcptRefPndng,AcptRefPndng
d_TFBlStat,AcptRefVerified,AcptRefVerified
d_TFBlStat,Refused,Refused
d_TFBlStat,PartiallyPaid,PartiallyPaid
d_TFBlStat,BillPaid,BillPaid
d_TFBlStat,WaitingForRate,WaitingForRate
d_TFBlStat,Acknowledged,Acknowledged
d_TFBlStat,ReturnOfDocuments,ReturnOfDocuments
d_TFBlStat,PendingReturn,PendingReturn
d_TFBlStat,SentBack,SentBack
d_TFBlStat,ComplianceFailed,ComplianceFailed
d_TFBlStat,ComplianceOnHold,ComplianceOnHold
d_TFBlStat,ModifyOnHold,ModifyOnHold
d_TFBlStat,Reject,Reject
d_PaymentTyp,ESR,ESR
d_PaymentTyp,BLPmnt,BLPmnt
d_PaymentTyp,CTI,CTI
d_PaymentTyp,Collection,Collection
d_PaymentTyp,Commercial,Commercial
d_PaymentTyp,DrftIssuance,DrftIssuance
d_PaymentTyp,Financial,Financial
d_PaymentTyp,InterBank,InterBank
d_PaymentTyp,Postal,Postal
d_PaymentTyp,ReturnPymnt,ReturnPymnt
d_PaymentTyp,ReturnSO,ReturnSO
d_PaymentTyp,SO,SO
d_PaymentTyp,SalaryPmnt,SalaryPmnt
d_PaymentTyp,StlmntDD,StlmntDD
d_PaymentTyp,TEAM,TEAM
d_PaymentTyp,Treasury,Treasury
d_PaymentTyp,DividendPmnt,DividendPmnt
d_PaymentTyp,IntraCompany,IntraCompany
d_PaymentTyp,Other,Other
d_PaymentTyp,BankInitTrnsfr,BankInitTrnsfr
d_PaymentTyp,FX4Cash,FX4Cash
d_PaymentTyp,OLA,OLA
d_PaymentTyp,OLO,OLO
d_PaymentTyp,LoanRepayment,LoanRepayment
d_PaymentTyp,AcceptGiro,AcceptGiro
d_PaymentTyp,MMAcceptCall,MMAcceptCall
d_PaymentTyp,DirectDebit,DirectDebit
d_PaymentTyp,RevocationDD,RevocationDD
d_PaymentTyp,MMPlaceDeal,MMPlaceDeal
d_PaymentTyp,MMAcceptDeal,MMAcceptDeal
d_PaymentTyp,MMPlaceSettlement,MMPlaceSettlement
d_PaymentTyp,MMAcceptSettlement,MMAcceptSettlement
d_PaymentTyp,POSAcquiring,POSAcquiring
d_PaymentTyp,iDEALAcquiring,iDEALAcquiring
d_PaymentTyp,EPPayment,EPPayment
d_PaymentTyp,ICSPayment,ICSPayment
d_PaymentTyp,CorrBkFund,CorrBkFund
d_PaymentTyp,EBP,EBP
d_PaymentTyp,LiqdtyTxn,LiqdtyTxn
d_PaymentTyp,OutStatChq,OutStatChq
d_PaymentTyp,TYPC,TYPC
d_PaymentTyp,VACP,VACP
d_PaymentTyp,WkInCust,WkInCust
d_PaymentTyp,CentralBank,CentralBank
d_PaymentTyp,SEPA,SEPA
d_PaymentTyp,LoanDisbursement,LoanDisbursement
d_PaymentTyp,Full Payment,Full Payment
d_PaymentTyp,Partial Payment,Partial Payment
d_PaymentMode,Cheque,Cheque
d_PaymentMode,Clearing,Clearing
d_PaymentMode,Account,Account
d_PaymentMode,Cash,Cash
d_PaymentMode,VoucherSet,VoucherSet
d_PaymentMode,ETFHouseTransfer,ETFHouseTransfer
d_PaymentMode,InwardClearing,InwardClearing
d_PaymentMode,IBTO,IBTO
d_PaymentMode,BankersCheque,BankersCheque
d_AccLayerStat,Accounted,Accounted
d_AccLayerStat,Cancelled,Cancelled
d_AccLayerStat,Pending,Pending
d_AccLayerStat,RateProvided,RateProvided
d_AccLayerStat,TRProcessed,TRProcessed
d_AccLayerStat,WaitingForRate,WaitingForRate
d_AccLayerStat,Reversed,Reversed
d_AccLayerStat,SentForAcntng,SentForAcntng
d_AccLayerStat,Treasury_to_be_Processes,Treasury_to_be_Processes
d_WorkflowStatus,OnHold,OnHold
d_WorkflowStatus,PendingAuthorisation,PendingAuthorisation
d_WorkflowStatus,ActModOnHold,ActModOnHold
d_WorkflowStatus,ActModPendAuth,ActModPendAuth
d_WorkflowStatus,Active,Active
d_WorkflowStatus,Rejected     ,Rejected     
d_WorkflowStatus,Cancelled,Cancelled
d_WorkflowStatus,ActModOnHold,ActModOnHold
d_WorkflowStatus,ActModPendAuth,ActModPendAuth
d_WorkflowStatus,Active,Active
d_WorkflowStatus,Close,Close
d_WorkflowStatus,Executed,Executed
d_WorkflowStatus,Expired,Expired
d_WorkflowStatus,Failed,Failed
d_WorkflowStatus,InActive,InActive
d_WorkflowStatus,MOnHold,MOnHold
d_WorkflowStatus,MPendActOnHOld,MPendActOnHOld
d_WorkflowStatus,MPendActPendingAuth,MPendActPendingAuth
d_WorkflowStatus,MPendingAuth,MPendingAuth
d_WorkflowStatus,OnHold,OnHold
d_WorkflowStatus,Open,Open
d_WorkflowStatus,PendingActivation,PendingActivation
d_WorkflowStatus,PendingCancel,PendingCancel
d_WorkflowStatus,PendingClosure,PendingClosure
d_WorkflowStatus,Successful,Successful
d_WorkflowStatus,PendingInactivation,PendingInactivation
d_WorkflowStatus,PendingPendActiveCancel,PendingPendActiveCancel
d_WorkflowStatus,PendingReopen,PendingReopen
d_WorkflowStatus,ReInitiate,ReInitiate
d_WorkflowStatus,Rejected,Rejected
d_WorkflowStatus,Impaired,Impaired
d_WorkflowStatus,Writeoff,Writeoff
d_WorkflowStatus,NonPrfAsset,NonPrfAsset
d_WorkflowStatus,WaitingForRate,WaitingForRate
d_WorkflowStatus,RepairAwaited,RepairAwaited
d_WorkflowStatus,AuthAwaited,AuthAwaited
d_WorkflowStatus,PendWriteoff,PendWriteoff
d_WorkflowStatus,RolloverMergeClosed,RolloverMergeClosed
d_WorkflowStatus,PendingClosureWaitingForRate,PendingClosureWaitingForRate
d_WorkflowStatus,PendingClosureAuthAwaited,PendingClosureAuthAwaited
d_WorkflowStatus,ReschedPendngAuth,ReschedPendngAuth
d_WorkflowStatus,AuthWtchRjctd,AuthWtchRjctd
d_WorkflowStatus,PendingReversal,PendingReversal
d_WorkflowStatus,Reversed,Reversed
d_WorkflowStatus,Rescinded,Rescinded
d_WorkflowStatus,IRSCancelled,IRSCancelled
d_WorkflowStatus,PndngClsrCalcAwatd,PndngClsrCalcAwatd
d_WorkflowStatus,PndngClsrCalcCompl,PndngClsrCalcCompl
d_WorkflowStatus,IRSPendingCancel,IRSPendingCancel
d_WorkflowStatus,PymntInitdFrClsr,PymntInitdFrClsr
d_WorkflowStatus,Liquidated,Liquidated
d_WorkflowStatus,PendingClosureInitiated,PendingClosureInitiated
d_WorkflowStatus,Released,Released
d_WorkflowStatus,PendingRevert,PendingRevert
d_WorkflowStatus,Reverted,Reverted
d_WorkflowStatus,Authorised,Authorised
d_WorkflowStatus,PendingAuth,PendingAuth
d_WorkflowStatus,ReversalAuth,ReversalAuth
d_WorkflowStatus,ReversalRejected,ReversalRejected
d_WorkflowStatus,Freezed,Freezed
d_WorkflowStatus,PendingFreeze,PendingFreeze
d_WorkflowStatus,Utilised,Utilised
d_WorkflowStatus,Deferred,Deferred
d_WorkflowStatus,SentBack,SentBack
d_LcEventStatus,Accepted,Accepted
d_LcEventStatus,AcptRefPndng,AcptRefPndng
d_LcEventStatus,AcptRefVerified,AcptRefVerified
d_LcEventStatus,AmndmntInit,AmndmntInit
d_LcEventStatus,AmndmntSent,AmndmntSent
d_LcEventStatus,BillPaid,BillPaid
d_LcEventStatus,Cancelled,Cancelled
d_LcEventStatus,CancelPending,CancelPending
d_LcEventStatus,CancelVerified,CancelVerified
d_LcEventStatus,Closed,Closed
d_LcEventStatus,CnclClosePndng,CnclClosePndng
d_LcEventStatus,CnclCloseVerify,CnclCloseVerify
d_LcEventStatus,Executed,Executed
d_LcEventStatus,Expired,Expired
d_LcEventStatus,ForcePending,ForcePending
d_LcEventStatus,ForceVerified,ForceVerified
d_LcEventStatus,Lodged,Lodged
d_LcEventStatus,OnHold,OnHold
d_LcEventStatus,PartiallyPaid,PartiallyPaid
d_LcEventStatus,Refused,Refused
d_LcEventStatus,Rejected,Rejected
d_LcEventStatus,Released,Released
d_LcEventStatus,ReversePending,ReversePending
d_LcEventStatus,ReverseVerified,ReverseVerified
d_LcEventStatus,Settled,Settled
d_LcEventStatus,Verified,Verified
d_LcEventStatus,RevivedLCOnHold,RevivedLCOnHold
d_LcEventStatus,RevivedLCReleased,RevivedLCReleased
d_LcEventStatus,Revived,Revived
d_LcEventStatus,ImportLoan,ImportLoan
d_LcEventStatus,DevolvedLC,DevolvedLC
d_LcEventStatus,SentBack,SentBack
d_TFAmndResp,Accepted,Accepted
d_TFAmndResp,Refused,Refused
d_TFAmndResp,NotReceived,NotReceived
d_TFAmndResp,DeemedAcceptd,DeemedAcceptd
d_TFAmndResp,SwiftRecevied,SwiftRecevied
d_TFAmndResp,MessageVerified,MessageVerified
d_TFDscrStat,Waived,Waived
d_TFDscrStat,Refused,Refused
d_DisposalDoccument,HOLD,HOLD
d_DisposalDoccument,NOTIFY,NOTIFY
d_DisposalDoccument,PREVINST,PREVINST
d_DisposalDoccument,RETRN,RETRN
d_DocumentType,ELC,ELC
d_DocumentType,PO_PI_SC,PO_PI_SC
d_DocumentType,Others,Others
d_DocumentType,Electricity Bill,Electricity Bill
d_DocumentType,PortMngmntAgrmnt,PortMngmntAgrmnt
d_DocumentType,Export,Export
d_DocumentType,ImportDesp,ImportDesp
d_DocumentType,ExpDesp,ExpDesp
d_DocumentType,ExpImpDesp,ExpImpDesp
d_DocumentType,ExconLOA,ExconLOA
d_DocumentType,Disclaimer Form,Disclaimer Form
d_DocumentType,KYC1,KYC1
d_DocumentType,Trade License,Trade License
d_DocumentType,KYC3,KYC3
d_DocumentType,PEP,PEP
d_DocumentType,POA Agreement,POA Agreement
d_DocumentType,Passport,Passport
d_DocumentType,Memorandum of Association,Memorandum of Association
d_DocumentType,Articles of Association,Articles of Association
d_DocumentType,BrdResolDoc,BrdResolDoc
d_DocumentType,Utiliy Bill,Utiliy Bill
d_DocumentType,Miscellaneous,Miscellaneous
d_DocumentType,Aus Wthhld KESt1,Aus Wthhld KESt1
d_DocumentType,Aus Wthhld KESt2,Aus Wthhld KESt2
d_DocumentType,Aus Wthhld KESt2 Options,Aus Wthhld KESt2 Options
d_DocumentType,Aus Wthhld KESt3,Aus Wthhld KESt3
d_DocumentType,EUQuest Document,EUQuest Document
d_DocumentType,All,All
d_DocumentType,Fiscal Declaration For Custody Account,Fiscal Declaration For Custody Account
d_DocumentType,Aus Backup Tax,Aus Backup Tax
d_DocumentType,WHT Exemption,WHT Exemption
d_DocumentType,WHT Reduction,WHT Reduction
d_DocumentType,15H,15H
d_DocumentType,Account Opening,Account Opening
d_DocumentType,Birth Certificate,Birth Certificate
d_DocumentType,Guradian Official Identification,Guradian Official Identification
d_DocumentType,Valid paper work for foreigners,Valid paper work for foreigners
d_DocumentType,Statement of Account,Statement of Account
d_DocumentType,GST-In,GST-In
d_DocumentType,Bankers Verification,Bankers Verification
d_DocumentType,Education ID card,Education ID card
d_DocumentType,Government Origination ID Card,Government Origination ID Card
d_DocumentType,Photo Credit Card,Photo Credit Card
d_DocumentType,Document of Local Bodies,Document of Local Bodies
d_DocumentType,Document of Central State Government,Document of Central State Government
d_DocumentType,CUSTOMER PROFILE FORM,CUSTOMER PROFILE FORM
d_DocumentType,AOF,AOF
d_DocumentType,PHOTO,PHOTO
d_DocumentType,SIGNATURE,SIGNATURE
d_DocumentType,SPECIMEN CARD,SPECIMEN CARD
d_DocumentType,E-KYC,E-KYC
d_DocumentType,PAN VALIDATION,PAN VALIDATION
d_DocumentType,MOBILE BANKING FORM,MOBILE BANKING FORM
d_DocumentType,INTERNET BANKING FORM,INTERNET BANKING FORM
d_DocumentType,SMS BANKING FORM,SMS BANKING FORM
d_DocumentType,VISA DEBIT CARD FORM,VISA DEBIT CARD FORM
d_DocumentType,RUPAY DEBIT CARD FORM,RUPAY DEBIT CARD FORM
d_DocumentType,CHEQUE BOOK FORM,CHEQUE BOOK FORM
d_DocumentType,PNCPS FORM,PNCPS FORM
d_DocumentType,LTD FORM,LTD FORM
d_DocumentType,NREGA Job card,NREGA Job card
d_DocumentType,PHOTO I-CARD ISSUED BY PUBLIC FINANCIAL INSTITUTION,PHOTO I-CARD ISSUED BY PUBLIC FINANCIAL INSTITUTION
d_DocumentType,CLOSE RELATIVE DECLARATION,CLOSE RELATIVE DECLARATION
d_DocumentType,PHOTOCARD ISSUED BY STATE GOVT.,PHOTOCARD ISSUED BY STATE GOVT.
d_DocumentType,FORM 60,FORM 60
d_DocumentType,CST CERTIFICATE,CST CERTIFICATE
d_DocumentType,COPARCENERS DECLARATION,COPARCENERS DECLARATION
d_DocumentType,GAZETTE NOTIFICATION,GAZETTE NOTIFICATION
d_DocumentType,HUF DEED,HUF DEED
d_DocumentType,LETTER FROM EMPLOYER,LETTER FROM EMPLOYER
d_DocumentType,LIST OF COPARCENERS,LIST OF COPARCENERS
d_DocumentType,MARRIAGE CERTIFICATE,MARRIAGE CERTIFICATE
d_DocumentType,PARTNERSHIP DEED,PARTNERSHIP DEED
d_DocumentType,POWER OF ATORNY,POWER OF ATORNY
d_DocumentType,RESOLUTION,RESOLUTION
d_DocumentType,SALES TAX RETURN,SALES TAX RETURN
d_DocumentType,TRUST DEED,TRUST DEED
d_DocumentType,VAT CERTIFICATE,VAT CERTIFICATE
d_DocumentType,VISA,VISA
d_DocumentType,PROFESSIONAL TAX AUTHORITY CERTIFICATE,PROFESSIONAL TAX AUTHORITY CERTIFICATE
d_DocumentType,SALES TAX AUTHORITY CERTIFICATE,SALES TAX AUTHORITY CERTIFICATE
d_DocumentType,SERVICE TAX AUTHORITY CERTIFICATE,SERVICE TAX AUTHORITY CERTIFICATE
d_DocumentType,PHOTO I-CARD ISSUED BY CENTRAL GOVT.,PHOTO I-CARD ISSUED BY CENTRAL GOVT.
d_DocumentType,PHOTO I-CARD ISSUED BY PUBLIC SECTOR UNDERTAKINGS,PHOTO I-CARD ISSUED BY PUBLIC SECTOR UNDERTAKINGS
d_DocumentType,REGISTERED SALE DEED,REGISTERED SALE DEED
d_DocumentType,REGISTERED RENT AGREEMENT,REGISTERED RENT AGREEMENT
d_DocumentType,IEC ISSUED BY DGFT,IEC ISSUED BY DGFT
d_DocumentType,PHOTO I-CARD ISSUED BY SCHEDULED COMMERCIAL BANKS,PHOTO I-CARD ISSUED BY SCHEDULED COMMERCIAL BANKS
d_DocumentType,PHOTO I-CARD ISSUED BY STATUTORY AUTHORITY,PHOTO I-CARD ISSUED BY STATUTORY AUTHORITY
d_DocumentType,PHOTO I-CARD ISSUED BY REGULATORY AUTHORITY,PHOTO I-CARD ISSUED BY REGULATORY AUTHORITY
d_DocumentType,GAZETTED OFFICERS LETTER WITH PHOTO ATTESTATION,GAZETTED OFFICERS LETTER WITH PHOTO ATTESTATION
d_DocumentType,MIGRANT WORKER FORM,MIGRANT WORKER FORM
d_DocumentType,FATCA FORM,FATCA FORM
d_DocumentType,STUDENT PHOTO I-CARD,STUDENT PHOTO I-CARD
d_DocumentType,OTHER BANK PASSBOOK WITH BANK STATEMENT,OTHER BANK PASSBOOK WITH BANK STATEMENT
d_DocumentType,FEE RECIEPT,FEE RECIEPT
d_DocumentType,CONTACT POINT VERIFICATION REPORT,CONTACT POINT VERIFICATION REPORT
d_DocumentType,COLLEGE LEAVING CERTIFICATE,COLLEGE LEAVING CERTIFICATE
d_DocumentType,NOTARISED RENT AGREEMENT WITH POLICE VERIFICATION,NOTARISED RENT AGREEMENT WITH POLICE VERIFICATION
d_DocumentType,RBI LICENSE,RBI LICENSE
d_DocumentType,GUARDIANS PAN CARD,GUARDIANS PAN CARD
d_DocumentType,FOOD DRUG LICENSE,FOOD DRUG LICENSE
d_DocumentType,PROPERTY TAX ISSUED BY MUNCIPAL AUTHORITY,PROPERTY TAX ISSUED BY MUNCIPAL AUTHORITY
d_DocumentType,SCHOOL BONAFIED CERTIFICATE,SCHOOL BONAFIED CERTIFICATE
d_DocumentType,NOC FROM GRAMPANCHAYAT,NOC FROM GRAMPANCHAYAT
d_DocumentType,GAS BILL/RECEIPT LATEST,GAS BILL/RECEIPT LATEST
d_DocumentType,SCHOOL LEAVING CERTIFICATE,SCHOOL LEAVING CERTIFICATE
d_DocumentType,I-20 FORM,I-20 FORM
d_DocumentType,SOCIAL SECURITY (NRE),SOCIAL SECURITY (NRE)
d_DocumentType,ALL MERGED DOCUMENT,ALL MERGED DOCUMENT
d_DocumentType,CPF-Page-1,CPF-Page-1
d_DocumentType,CPF-Page-2,CPF-Page-2
d_DocumentType,CPF-Page-3,CPF-Page-3
d_DocumentType,CPF-Page-4,CPF-Page-4
d_DocumentType,AOF-Page-1,AOF-Page-1
d_DocumentType,AOF-Page-2,AOF-Page-2
d_DocumentType,1st Applicant Photo,1st Applicant Photo
d_DocumentType,2nd Applicant Photo,2nd Applicant Photo
d_DocumentType,3rd Applicant Photo,3rd Applicant Photo
d_DocumentType,4th Applicant Photo,4th Applicant Photo
d_DocumentType,ABCD,ABCD
d_DocumentType,CPR,CPR
d_DocumentType,IGA Certificate,IGA Certificate
d_DocumentType,Proof Of Address,Proof Of Address
d_DocumentType,Bank Statement,Bank Statement
d_DocumentType,TIN,TIN
d_DocumentType,SSN,SSN
d_DocumentType,W-9 Form,W-9 Form
d_DocumentType,W-8BEN Form,W-8BEN Form
d_DocumentType,Wathiq Consent,Wathiq Consent
d_DocumentType,W-8 ECI,W-8 ECI
d_DocumentType,W-8 EXP,W-8 EXP
d_DocumentType,W-8 IMY,W-8 IMY
d_DocumentType,License Certificate,License Certificate
d_DocumentType,Financial Statement,Financial Statement
d_DocumentType,Customer Consent Declaration Form,Customer Consent Declaration Form
d_DocumentType,Benefit Consent Form,Benefit Consent Form
d_DocumentType,Board Resolution Seeking Banking Services,Board Resolution Seeking Banking Services
d_DocumentType,Memorandum And AOA,Memorandum And AOA
d_DocumentType,Partnership Agreement,Partnership Agreement
d_DocumentType,RequestLetter,RequestLetter
d_DocumentType,EN-Unified National Establishment Number,EN-Unified National Establishment Number
d_DocumentType,Deed Of Pledge,Deed Of Pledge
d_DocumentType,Mortgage Note,Mortgage Note
d_DocumentType,Insurance Policy,Insurance Policy
d_DocumentType,Bank Guarantee,Bank Guarantee
d_DocumentType,LetterOfCredit,LetterOfCredit
d_DocumentType,FiduciaryAgr,FiduciaryAgr
d_DocumentType,PortMngmntAgrmn,PortMngmntAgrmn
d_DocumentType,PrfmncOtCur,PrfmncOtCur
d_DocumentType,IntrLetter,IntrLetter
d_DocumentType,Address Proof,Address Proof
d_DocumentType,Reference letter,Reference letter
d_DocumentType,Certificate of Incorporation,Certificate of Incorporation
d_DocumentType,Account Opening Form,Account Opening Form
d_DocumentType,SpcmnSgntur,SpcmnSgntur
d_DocumentType,Proxy Doc,Proxy Doc
d_DocumentType,DrvtvsAgrmnt,DrvtvsAgrmnt
d_DocumentType,Social Security Number,Social Security Number
d_DocumentType,W9,W9
d_DocumentType,EquityAgrmnt,EquityAgrmnt
d_DocumentType,MutualFundAgrmn,MutualFundAgrmn
d_DocumentType,OptionAgrmnt,OptionAgrmnt
d_DocumentType,FuturesAgrmnt,FuturesAgrmnt
d_DocumentType,AssetLiabMngt,AssetLiabMngt
d_DocumentType,IdentificationA,IdentificationA
d_DocumentType,ForeignAgrmnt,ForeignAgrmnt
d_DocumentType,PAN,PAN
d_DocumentType,Driving License,Driving License
d_DocumentType,Certified Articles of Incopration,Certified Articles of Incopration
d_DocumentType,Government issued license,Government issued license
d_DocumentType,Trust Instrument,Trust Instrument
d_DocumentType,EIN,EIN
d_DocumentType,ITIN,ITIN
d_DocumentType,ATIN,ATIN
d_DocumentType,PTIN,PTIN
d_DocumentType,CoSignerNtc,CoSignerNtc
d_DocumentType,26AAA,26AAA
d_DocumentType,Aadhaar Card,Aadhaar Card
d_DocumentType,NREGA Card,NREGA Card
d_DocumentType,Ration Card,Ration Card
d_DocumentType,Student ID Card,Student ID Card
d_DocumentType,TAN,TAN
d_DocumentType,Telephone Bill,Telephone Bill
d_DocumentType,Voter Identity Card,Voter Identity Card
d_DocumentType,Water Bill,Water Bill
d_DocumentType,Shop and Establishment Registration,Shop and Establishment Registration
d_DocumentType,Photo I-Card Issued By Public Financial Insitution,Photo I-Card Issued By Public Financial Insitution
d_DocumentType,Photo I-Card Issued By State Govt,Photo I-Card Issued By State Govt
d_DocumentType,Certificate Of Registration,Certificate Of Registration
d_DocumentType,Incorporation Certificate,Incorporation Certificate
d_DocumentType,Photo I-Card Issued By Central Govt,Photo I-Card Issued By Central Govt
d_DocumentType,Food & Drug License,Food & Drug License
d_DocumentType,FATCA Self Declaration,FATCA Self Declaration
d_DocumentType,Resident Identity,Resident Identity
d_DocumentType,Main Certificate Registration,Main Certificate Registration
d_DocumentType,Governmental Permission Letter,Governmental Permission Letter
d_DocumentType,Diplomatic Passport,Diplomatic Passport
d_DocumentType,Family Registration Book,Family Registration Book
d_DocumentType,Hafithat Nofos and Civil Regis,Hafithat Nofos and Civil Regis
d_DocumentType,Certificate of birth for speci,Certificate of birth for speci
d_DocumentType,SAMA approval letter,SAMA approval letter
d_DocumentType,Non-Saudi Passport,Non-Saudi Passport
d_DocumentType,Board of Directors Decision Fo,Board of Directors Decision Fo
d_DocumentType,Embassy Letter,Embassy Letter
d_DocumentType,President or Vice President Re,President or Vice President Re
d_DocumentType,Commercial License,Commercial License
d_DocumentType,Special Passport,Special Passport
d_DocumentType,Certificate of birth,Certificate of birth
d_DocumentType,Court Deed,Court Deed
d_DocumentType,Introduction Letter,Introduction Letter
d_DocumentType,GCC Passport,GCC Passport
d_DocumentType,Tribesmen of Rabi AlKhali Perm,Tribesmen of Rabi AlKhali Perm
d_DocumentType,GCC National Identification Ca,GCC National Identification Ca
d_DocumentType,Diplomatic Card,Diplomatic Card
d_DocumentType,Official Letter,Official Letter
d_DocumentType,Sub Certificate Registration,Sub Certificate Registration
d_DocumentType,Article of Association,Article of Association
d_DocumentType,Non-Saudi Certificate Registra,Non-Saudi Certificate Registra
d_DocumentType,Depository Area Lease Contract,Depository Area Lease Contract
d_DocumentType,Banking License,Banking License
d_DocumentType,Hereditary Succession Deed,Hereditary Succession Deed
d_DocumentType,Iqama Without Passport,Iqama Without Passport
d_DocumentType,Organizations Presence Agreeme,Organizations Presence Agreeme
d_DocumentType,SAMA Approval Letter (valid fo,SAMA Approval Letter (valid fo
d_DocumentType,Royal Order,Royal Order
d_DocumentType,Compliance Approval Letter,Compliance Approval Letter
d_DocumentType,Family Record,Family Record
d_DocumentType,License issued by the Ministry,License issued by the Ministry
d_DocumentType,Commercial Registration Contra,Commercial Registration Contra
d_DocumentType,Visitor Card/Temporary Iqama,Visitor Card/Temporary Iqama
d_DocumentType,Magnetic IQAMA,Magnetic IQAMA
d_DocumentType,License to practice the activi,License to practice the activi
d_DocumentType,ARAB,ARAB
d_DocumentType,aviation,aviation
d_DocumentType,CMA License,CMA License
d_DocumentType,Deceased Identity,Deceased Identity
d_DocumentType,DEFAULT ID TYPE,DEFAULT ID TYPE
d_DocumentType,Rental Agreement,Rental Agreement
d_DocumentType,Acknowledgment from bank in country of origin,Acknowledgment from bank in country of origin
d_DocumentType,Cpd approval,Cpd approval
d_DocumentType,Authorized representative file,Authorized representative file
d_DocumentType,Ajeer notice certified by the school,Ajeer notice certified by the school
d_DocumentType,Bedoun,Bedoun
d_DocumentType,Certified copy of civil registration ( woman ),Certified copy of civil registration ( woman )
d_DocumentType,Ministry of education eligibility certificate,Ministry of education eligibility certificate
d_DocumentType,Customer Agreement/File,Customer Agreement/File
d_DocumentType,Court Appointment Custodian ID,Court Appointment Custodian ID
d_DocumentType,Court Appointment Custodian License,Court Appointment Custodian License
d_DocumentType,Court Decision Appointing Custodian,Court Decision Appointing Custodian
d_DocumentType,Self Certification,Self Certification
d_DocumentType,Copy Of Dispute Document,Copy Of Dispute Document
d_DocumentType,Employment ID,Employment ID
d_DocumentType,Muqeem ID,Muqeem ID
d_DocumentType,Saudi ID card,Saudi ID card
d_DocumentType,Introduction letter from employer,Introduction letter from employer
d_DocumentType,Ids of heirs,Ids of heirs
d_DocumentType,Intr ltr fm area mayr prp/clr add,Intr ltr fm area mayr prp/clr add
d_DocumentType,Iqama,Iqama
d_DocumentType,Ids of reference,Ids of reference
d_DocumentType,Members ids,Members ids
d_DocumentType,Judicial Resolution Deed,Judicial Resolution Deed
d_DocumentType,Letter Of Entity Requesting Visit,Letter Of Entity Requesting Visit
d_DocumentType,Letter of intro/refer cert by govt/other agency,Letter of intro/refer cert by govt/other agency
d_DocumentType,License from min. of education,License from min. of education
d_DocumentType,Min of interior approval,Min of interior approval
d_DocumentType,Ministry of labor license,Ministry of labor license
d_DocumentType,Gcc national i.d. card,Gcc national i.d. card
d_DocumentType,Proof of ksa address,Proof of ksa address
d_DocumentType,Pledge to inform bank of each departure,Pledge to inform bank of each departure
d_DocumentType,Visit visa on passport,Visit visa on passport
d_DocumentType,Psprt with 3 mos wrkng visa,Psprt with 3 mos wrkng visa
d_DocumentType,Crs Self Certification,Crs Self Certification
d_DocumentType,Saudi passport,Saudi passport
d_DocumentType,Signature Card of authorized signatory,Signature Card of authorized signatory
d_DocumentType,Salary certificate/proof of income,Salary certificate/proof of income
d_DocumentType,Succession Deed,Succession Deed
d_DocumentType,Signature Card of cpt,Signature Card of cpt
d_DocumentType,"Spec sign, doc auth for gcc by cor bk","Spec sign, doc auth for gcc by cor bk"
d_DocumentType,Death Certificate,Death Certificate
d_DocumentType,Saudia ID card,Saudia ID card
d_DocumentType,Undertaking to present mq (magnetic iq)later stag,Undertaking to present mq (magnetic iq)later stag
d_DocumentType,Undertaking to inform end of contract,Undertaking to inform end of contract
d_DocumentType,Undertaking to prst pasprt at a ls,Undertaking to prst pasprt at a ls
d_DocumentType,Written commitment to notify final departure,Written commitment to notify final departure
d_DocumentType,Written req by entity to open acct,Written req by entity to open acct
d_DocumentType,IDs of all authorized signatories,IDs of all authorized signatories
d_DocumentType,Power of attorney to open / operate account,Power of attorney to open / operate account
d_DocumentType,Min of labor and social affairs letter,Min of labor and social affairs letter
d_DocumentType,Copy of decision to form the board of directors,Copy of decision to form the board of directors
d_DocumentType,Approval of high committee to collect donation,Approval of high committee to collect donation
d_DocumentType,Lic from min of islamic affairs for call and guid.,Lic from min of islamic affairs for call and guid.
d_DocumentType,License/permission from ministry of commerce,License/permission from ministry of commerce
d_DocumentType,License from min. of health,License from min. of health
d_DocumentType,Royal degree,Royal degree
d_DocumentType,License from gen. pres. for youth welfare (gpyw),License from gen. pres. for youth welfare (gpyw)
d_DocumentType,Commercial registration,Commercial registration
d_DocumentType,Private Professional License,Private Professional License
d_DocumentType,Permanent License,Permanent License
d_DocumentType,Temporary License,Temporary License
d_DocumentType,Bank Memo,Bank Memo
d_DocumentType,Court Decision Appointing Custodian And his auth,Court Decision Appointing Custodian And his auth
d_DocumentType,Court Appointed Custodian id,Court Appointed Custodian id
d_DocumentType,Court Appointed Custodian License,Court Appointed Custodian License
d_DocumentType,Copy Of Disputes Document,Copy Of Disputes Document
d_DocumentType,Legal Deed (property endowment) wakf,Legal Deed (property endowment) wakf
d_DocumentType,ID Of Signatories,ID Of Signatories
d_DocumentType,Written Request,Written Request
d_DocumentType,By Laws,By Laws
d_DocumentType,Board Resolution,Board Resolution
d_DocumentType,Ministry Of Social Affairs License,Ministry Of Social Affairs License
d_DocumentType,Preliminary Articles Of Association,Preliminary Articles Of Association
d_DocumentType,Legalized c.r. of home country,Legalized c.r. of home country
d_DocumentType,Permit or lic from ministry,Permit or lic from ministry
d_DocumentType,Ministry Of Finance Approval,Ministry Of Finance Approval
d_DocumentType,Sagia License,Sagia License
d_DocumentType,Grievance Bureau Resolution,Grievance Bureau Resolution
d_DocumentType,Aprvl frm govt of home cntry,Aprvl frm govt of home cntry
d_DocumentType,Pledge Agreement,Pledge Agreement
d_DocumentType,Contract for Collateral Loans - Lombard Credit,Contract for Collateral Loans - Lombard Credit
d_DocumentType,Loan Pledge Agreement,Loan Pledge Agreement
d_DocumentType,Lombard Loan Agreement,Lombard Loan Agreement
d_DocumentType,Reg GG Certification,Reg GG Certification
d_DocumentType,W-8BEN-E,W-8BEN-E
d_DocumentType,SignatureCard,SignatureCard
d_DocumentType,UdyogAdhar,UdyogAdhar
d_DocumentType,TinNumber,TinNumber
d_DocumentType,IECode,IECode
d_DocumentType,TradeLicense,TradeLicense
d_ShipmentType,PreShipment,PreShipment
d_ShipmentType,PostShipment,PostShipment
d_RiskOn,IssuingBank,IssuingBank
d_RiskOn,Customer,Customer
d_LoanStatus,Discharged,Discharged
d_LoanStatus,FullyDisbursed,FullyDisbursed
d_LoanStatus,FullyRepaid,FullyRepaid
d_LoanStatus,PartlyDisbursed,PartlyDisbursed
d_LoanStatus,Active,Active
d_LoanStatus,Disbursed,Disbursed
d_LoanStatus,Grant,Grant
d_LoanStatus,InProgress,InProgress
d_LoanStatus,LeaseOutInitiated,LeaseOutInitiated
d_LoanStatus,PendingDisbursement,PendingDisbursement
d_LoanStatus,Rejected,Rejected
d_LoanStatus,Cancelled,Cancelled
d_LoanStatus,LeasedOut,LeasedOut
d_LoanStatus,PayOrderCreated,PayOrderCreated
d_LoanStatus,PurchaseInitiated,PurchaseInitiated
d_LoanStatus,PurchasePending,PurchasePending
d_LoanStatus,Onhold,Onhold
d_LoanStatus,DisbursedtoTransit,DisbursedtoTransit
d_LoanStatus,Approved,Approved
d_LoanStatus,PendingClose,PendingClose
d_LoanStatus,Closed,Closed
d_LoanStatus,Frozen,Frozen
d_LoanStatus,PendingWithdrwl,PendingWithdrwl
d_LoanStatus,PendingAuth,PendingAuth
d_LoanStatus,DebitFrozen,DebitFrozen
d_LoanStatus,writtenoff,writtenoff
d_LoanStatus,LPOAccepted,LPOAccepted
d_LoanStatus,LPOIssued,LPOIssued
d_LoanStatus,Expired,Expired
d_LoanStatus,PendingDownPayment,PendingDownPayment
d_LoanStatus,SentBack,SentBack
d_RepaymentMethod,OCR,OCR
d_RepaymentMethod,AutoDebit,AutoDebit
d_RepaymentMethod,DirectDebit,DirectDebit
d_RepaymentMethod,DirectDebitPayment,DirectDebitPayment
d_RepaymentMethod,Cash,Cash
d_RepaymentMethod,PDC,PDC
d_LoanPurposeCode,Reconstruction,Reconstruction
d_LoanPurposeCode,Purchase,Purchase
d_LoanPurposeCode,Other,Other
d_LoanPurposeCode,Reschedulingloaninternal,Reschedulingloaninternal
d_LoanPurposeCode,Reschedulingloaninternal_financialproblem,Reschedulingloaninternal_financialproblem
d_LoanPurposeCode,WorkingCapital,WorkingCapital
d_LoanPurposeCode,PurchaseofMachinery_MedicalInstruments,PurchaseofMachinery_MedicalInstruments
d_LoanPurposeCode,PurchaseofSpares_Attachment,PurchaseofSpares_Attachment
d_LoanPurposeCode,PurchaseCranes_Crawlers_Equipment,PurchaseCranes_Crawlers_Equipment
d_LoanPurposeCode,PurchaseofTransportVehicle,PurchaseofTransportVehicle
d_LoanPurposeCode,PurchaseofFurnitureandFixtures,PurchaseofFurnitureandFixtures
d_LoanPurposeCode,PurchaseofElectricFittings_Installation,PurchaseofElectricFittings_Installation
d_LoanPurposeCode,Machineries_Refurbishing_Repairs_Maintenance,Machineries_Refurbishing_Repairs_Maintenance
d_LoanPurposeCode,PurchaseofProperty,PurchaseofProperty
d_LoanPurposeCode,Property_Renovation_Repairs,Property_Renovation_Repairs
d_LoanPurposeCode,BusinessDevelopment_Expansion,BusinessDevelopment_Expansion
d_LoanPurposeCode,Personal,Personal
d_LoanPurposeCode,Vehicle,Vehicle
d_LoanPurposeCode,Purchase_ConstructionofHouse,Purchase_ConstructionofHouse
d_LoanPurposeCode,Others,Others
d_LoanPurposeCode,ExportPostShipmentLoan,ExportPostShipmentLoan
d_LoanPurposeCode,NewProduction,NewProduction
d_IntrCatg,Credit,Credit
d_IntrCatg,Debit,Debit
d_IntrCatg,Both,Both
d_IntrCatg,NotApplbl,NotApplbl
d_IntrCatg,Penal,Penal
d_IntrCatg,UCA,UCA
d_IntrCatg,GroupLvl_Cr,GroupLvl_Cr
d_IntrCatg,SubsyLvl_Cr,SubsyLvl_Cr
d_IntrCatg,AccountLvl_Cr,AccountLvl_Cr
d_IntrCatg,GroupLvl_Dr,GroupLvl_Dr
d_IntrCatg,SubsyLvl_Dr,SubsyLvl_Dr
d_IntrCatg,AccountLvl_Dr,AccountLvl_Dr
d_IntrCatg,CrPnlty,CrPnlty
d_IntrCatg,AprtnAcnt_Cr,AprtnAcnt_Cr
d_IntrCatg,AprtnAcnt_Dr,AprtnAcnt_Dr
d_IntrCatg,AprtnGroup_Cr,AprtnGroup_Cr
d_IntrCatg,AprtnGroup_Dr,AprtnGroup_Dr
d_IntrCatg,AprtnSubsy_Cr,AprtnSubsy_Cr
d_IntrCatg,AprtnSubsy_Dr,AprtnSubsy_Dr
d_IntrCatg,Adhoc,Adhoc
d_IntrCatg,Commission,Commission
d_IntrCatg,IntrstAcrual,IntrstAcrual
d_IntrCatg,CommissionAcrual,CommissionAcrual
d_IntrCatg,PriceGliff,PriceGliff
d_RateTyp,Fixed,Fixed
d_RateTyp,Floating,Floating
d_RateTyp,InterestReset,InterestReset
d_RateTyp,FlatAmount,FlatAmount
d_LoanType,Demand,Demand
d_LoanType,NonRevolving,NonRevolving
d_LoanType,Revolving,Revolving
d_LoanType,Term,Term
d_LoanType,AmrtzngLOC,AmrtzngLOC
d_LoanType,DefrdMrtgLOC,DefrdMrtgLOC
d_LoanType,NonAmrtzngLOC,NonAmrtzngLOC
d_LoanType,WithRollover,WithRollover
d_LoanType,LoCtoTermLoans,LoCtoTermLoans
d_LoanType,Deposits,Deposits
d_LoanType,CallableLoans,CallableLoans
d_LoanType,MurabhahaFinance,MurabhahaFinance
d_LoanType,Istisna,Istisna
d_LoanType,Ijaarah,Ijaarah
d_LoanType,ComdtyMurabaha,ComdtyMurabaha
d_LoanType,ServiceIjarah,ServiceIjarah
d_LoanType,ForwarIjarah,ForwarIjarah
d_LoanType,MurabahahWithOutPurchase,MurabahahWithOutPurchase
d_LoanType,MurabahahWithOutAsset,MurabahahWithOutAsset
d_LoanType,IjarahWithOutPurchase,IjarahWithOutPurchase
d_LoanType,Qard,Qard
d_LoanType,DiscountedLoan,DiscountedLoan
d_LoanType,IndexLinkedLoan,IndexLinkedLoan
d_LoanType,TrancheDisbursement,TrancheDisbursement
d_LoanPurpose,FixedAsset,FixedAsset
d_LoanPurpose,TradeFin,TradeFin
d_LoanPurpose,WorkingCap,WorkingCap
d_MsgPrps,ACNF,ACNF
d_MsgPrps,ADVI,ADVI
d_MsgPrps,ISSU,ISSU
d_MsgPrps,ACNFA,ACNFA
d_MsgPrps,ADVIA,ADVIA
d_MsgPrps,ISSCA,ISSCA
d_MsgPrps,ISSUA,ISSUA
d_MsgPrps,ISSC,ISSC
d_PaymentType,Interest,Interest
d_PaymentType,PDDTS,PDDTS
d_PaymentType,PDDTS-EOD,PDDTS-EOD
d_PaymentType,PESOnet ,PESOnet 
d_PaymentType,PhilPaSS ,PhilPaSS 
d_PaymentType,SWIFT,SWIFT
d_PaymentType,NEFT,NEFT
d_PaymentType,RTGS,RTGS
d_PaymentType,Customer to Customer,Customer to Customer
d_PaymentType,Bank to Bank,Bank to Bank
d_MsgTyp,SWMT101,SWMT101
d_MsgTyp,SWMT102,SWMT102
d_MsgTyp,SWMT103,SWMT103
d_MsgTyp,SWMT104,SWMT104
d_MsgTyp,SWMT190,SWMT190
d_MsgTyp,SWMT195,SWMT195
d_MsgTyp,SWMT198,SWMT198
d_MsgTyp,SWMT199,SWMT199
d_MsgTyp,SWMT200,SWMT200
d_MsgTyp,SWMT290,SWMT290
d_MsgTyp,SWMT295,SWMT295
d_MsgTyp,SWMT296,SWMT296
d_MsgTyp,SWMT298,SWMT298
d_MsgTyp,SWMT299,SWMT299
d_MsgTyp,SWMT398,SWMT398
d_MsgTyp,SWMT399,SWMT399
d_MsgTyp,SWMT590,SWMT590
d_MsgTyp,SWMT591,SWMT591
d_MsgTyp,SWMT595,SWMT595
d_MsgTyp,SWMT596,SWMT596
d_MsgTyp,SWMT598,SWMT598
d_MsgTyp,FIN_TRD,FIN_TRD
d_MsgTyp,ESR,ESR
d_MsgTyp,SWMT998,SWMT998
d_MsgTyp,SWMT999,SWMT999
d_MsgTyp,CLMT1071,CLMT1071
d_MsgTyp,CLMT1073,CLMT1073
d_MsgTyp,CLMT1074,CLMT1074
d_MsgTyp,CLMT1081,CLMT1081
d_MsgTyp,CLMT1091,CLMT1091
d_MsgTyp,CLMT1093,CLMT1093
d_MsgTyp,BOD,BOD
d_MsgTyp,EOD,EOD
d_MsgTyp,DATAFILE,DATAFILE
d_MsgTyp,ACK,ACK
d_MsgTyp,NACK,NACK
d_MsgTyp,CDV,CDV
d_MsgTyp,UNPAID,UNPAID
d_MsgTyp,TOKEN,TOKEN
d_MsgTyp,SAMOS205,SAMOS205
d_MsgTyp,SAMOS103,SAMOS103
d_MsgTyp,CASHFEED,CASHFEED
d_MsgTyp,DWH,DWH
d_MsgTyp,CLMT2071,CLMT2071
d_MsgTyp,CLMT2073,CLMT2073
d_MsgTyp,CLMT2074,CLMT2074
d_MsgTyp,CLMT2091,CLMT2091
d_MsgTyp,AC101,AC101
d_MsgTyp,RB001,RB001
d_MsgTyp,RB002,RB002
d_MsgTyp,RB004,RB004
d_MsgTyp,RB005,RB005
d_MsgTyp,RB006,RB006
d_MsgTyp,RB007,RB007
d_MsgTyp,RB008,RB008
d_MsgTyp,RB009,RB009
d_MsgTyp,FAXCOMS01,FAXCOMS01
d_MsgTyp,AEB45PDIN,AEB45PDIN
d_MsgTyp,AEB45PDOUTUNPD,AEB45PDOUTUNPD
d_MsgTyp,AEB46,AEB46
d_MsgTyp,AEB54NT,AEB54NT
d_MsgTyp,ApndixPrdPaper,ApndixPrdPaper
d_MsgTyp,BACSCQ,BACSCQ
d_MsgTyp,BACSEURT,BACSEURT
d_MsgTyp,BACSGBPT,BACSGBPT
d_MsgTyp,ChrgPaper,ChrgPaper
d_MsgTyp,DlyPaper,DlyPaper
d_MsgTyp,EMZCQUNPD,EMZCQUNPD
d_MsgTyp,EMZDDCQ,EMZDDCQ
d_MsgTyp,EMZDDPDIN,EMZDDPDIN
d_MsgTyp,EMZDDU,EMZDDU
d_MsgTyp,EMZDD,EMZDD
d_MsgTyp,EMZTrnsfr,EMZTrnsfr
d_MsgTyp,ESICA11,ESICA11
d_MsgTyp,AEB45,AEB45
d_MsgTyp,AEB47,AEB47
d_MsgTyp,AEB49,AEB49
d_MsgTyp,AEB54T,AEB54T
d_MsgTyp,BACSDD,BACSDD
d_MsgTyp,EMZDDIN,EMZDDIN
d_MsgTyp,EMZDDUNPD,EMZDDUNPD
d_MsgTyp,ESICA10,ESICA10
d_MsgTyp,ESICB10,ESICB10
d_MsgTyp,HUB101,HUB101
d_MsgTyp,HUB104,HUB104
d_MsgTyp,HUB940,HUB940
d_MsgTyp,HUB941,HUB941
d_MsgTyp,HUB942,HUB942
d_MsgTyp,HUB998_900,HUB998_900
d_MsgTyp,HUB998_910,HUB998_910
d_MsgTyp,HUB998_980,HUB998_980
d_MsgTyp,HUB998_990,HUB998_990
d_MsgTyp,HUB998,HUB998
d_MsgTyp,ESICB11,ESICB11
d_MsgTyp,MT416,MT416
d_MsgTyp,MT940,MT940
d_MsgTyp,MTA15,MTA15
d_MsgTyp,PrdPaper,PrdPaper
d_MsgTyp,RT_D,RT_D
d_MsgTyp,RT_F,RT_F
d_MsgTyp,RT_G,RT_G
d_MsgTyp,SNCECQPN,SNCECQPN
d_MsgTyp,TA826,TA826
d_MsgTyp,TA827,TA827
d_MsgTyp,TA836,TA836
d_MsgTyp,TA870,TA870
d_MsgTyp,TA875,TA875
d_MsgTyp,MT598_100,MT598_100
d_MsgTyp,MT598_910,MT598_910
d_MsgTyp,MTN21,MTN21
d_MsgTyp,MT995,MT995
d_MsgTyp,DS01,DS01
d_MsgTyp,MT100,MT100
d_MsgTyp,MT101,MT101
d_MsgTyp,MT102,MT102
d_MsgTyp,MT200,MT200
d_MsgTyp,MT201,MT201
d_MsgTyp,MT202,MT202
d_MsgTyp,MT203,MT203
d_MsgTyp,MT204,MT204
d_MsgTyp,MT205,MT205
d_MsgTyp,MT210,MT210
d_MsgTyp,MT300,MT300
d_MsgTyp,MT103,MT103
d_MsgTyp,MT104,MT104
d_MsgTyp,MT400,MT400
d_MsgTyp,MT900,MT900
d_MsgTyp,MT910,MT910
d_MsgTyp,MT941,MT941
d_MsgTyp,MT942,MT942
d_MsgTyp,MT950,MT950
d_MsgTyp,MTA10,MTA10
d_MsgTyp,MTA11,MTA11
d_MsgTyp,MTB10,MTB10
d_MsgTyp,MTB11,MTB11
d_MsgTyp,MTC10,MTC10
d_MsgTyp,MTC11,MTC11
d_MsgTyp,MTC15,MTC15
d_MsgTyp,MT192,MT192
d_MsgTyp,MT292,MT292
d_MsgTyp,MT196,MT196
d_MsgTyp,MT291,MT291
d_MsgTyp,MT191,MT191
d_MsgTyp,DS04,DS04
d_MsgTyp,ALI004,ALI004
d_MsgTyp,VS07,VS07
d_MsgTyp,VS08,VS08
d_MsgTyp,VS02,VS02
d_MsgTyp,FS01,FS01
d_MsgTyp,XML101,XML101
d_MsgTyp,SSCPAY,SSCPAY
d_MsgTyp,FSCPAY,FSCPAY
d_MsgTyp,SSIPAY,SSIPAY
d_MsgTyp,FSIPAY,FSIPAY
d_MsgTyp,SBCPAY,SBCPAY
d_MsgTyp,FBCPAY,FBCPAY
d_MsgTyp,SBIPAY,SBIPAY
d_MsgTyp,FBIPAY,FBIPAY
d_MsgTyp,BCPAY,BCPAY
d_MsgTyp,XML102,XML102
d_MsgTyp,MFT,MFT
d_MsgTyp,PSM,PSM
d_MsgTyp,PRN,PRN
d_MsgTyp,INDEBITR,INDEBITR
d_MsgTyp,CANCEL,CANCEL
d_MsgTyp,AMENDP,AMENDP
d_MsgTyp,OUTCANCEL,OUTCANCEL
d_MsgTyp,OUTDEBITR,OUTDEBITR
d_MsgTyp,OUTAMENDD,OUTAMENDD
d_MsgTyp,INAMENDD,INAMENDD
d_MsgTyp,CLN,CLN
d_MsgTyp,MT205COV,MT205COV
d_MsgTyp,MT202COV,MT202COV
d_MsgTyp,MX942,MX942
d_MsgTyp,MX103,MX103
d_MsgTyp,MX202,MX202
d_MsgTyp,MX940,MX940
d_MsgTyp,MX941,MX941
d_MsgTyp,MX950,MX950
d_MsgTyp,MX202COV,MX202COV
d_MsgTyp,TKFAD,TKFAD
d_MsgTyp,TKFZD,TKFZD
d_MsgTyp,TKCLD,TKCLD
d_MsgTyp,TKCMD,TKCMD
d_MsgTyp,TKHXD,TKHXD
d_MsgTyp,TKDED,TKDED
d_MsgTyp,TKDGD,TKDGD
d_MsgTyp,TKDID,TKDID
d_MsgTyp,TKDTD,TKDTD
d_MsgTyp,TKEMD,TKEMD
d_MsgTyp,TKIAD,TKIAD
d_MsgTyp,TKIHD,TKIHD
d_MsgTyp,TKVKD,TKVKD
d_MsgTyp,TKXCD,TKXCD
d_MsgTyp,TKPRD,TKPRD
d_MsgTyp,TKPYD,TKPYD
d_MsgTyp,TKPSD,TKPSD
d_MsgTyp,TKZTD,TKZTD
d_MsgTyp,RT_0,RT_0
d_MsgTyp,RT_1,RT_1
d_MsgTyp,RT_2,RT_2
d_MsgTyp,RT_3,RT_3
d_MsgTyp,RT_4,RT_4
d_MsgTyp,RT_5,RT_5
d_MsgTyp,RT_6,RT_6
d_MsgTyp,RT_7,RT_7
d_MsgTyp,RT_8,RT_8
d_MsgTyp,RT_9,RT_9
d_MsgTyp,RT_A,RT_A
d_MsgTyp,RT_B,RT_B
d_MsgTyp,RT_C,RT_C
d_MsgTyp,RT_E,RT_E
d_MsgTyp,RT_H,RT_H
d_MsgTyp,RT_I,RT_I
d_MsgTyp,RT_J,RT_J
d_MsgTyp,RT_K,RT_K
d_MsgTyp,RT_L,RT_L
d_MsgTyp,RT_M,RT_M
d_MsgTyp,RT_N,RT_N
d_MsgTyp,RT_O,RT_O
d_MsgTyp,RT_P,RT_P
d_MsgTyp,RT_HDR,RT_HDR
d_MsgTyp,RT_TLR,RT_TLR
d_MsgTyp,ST530,ST530
d_MsgTyp,AEX001,AEX001
d_MsgTyp,AEX002,AEX002
d_MsgTyp,AEX003,AEX003
d_MsgTyp,AEX004,AEX004
d_MsgTyp,AEX005,AEX005
d_MsgTyp,AEX006,AEX006
d_MsgTyp,AEX007,AEX007
d_MsgTyp,AEX008,AEX008
d_MsgTyp,AEX009,AEX009
d_MsgTyp,AEX010,AEX010
d_MsgTyp,EC001,EC001
d_MsgTyp,TB501,TB501
d_MsgTyp,TB502,TB502
d_MsgTyp,TB503,TB503
d_MsgTyp,CR15,CR15
d_MsgTyp,DS02,DS02
d_MsgTyp,DS04_CVF,DS04_CVF
d_MsgTyp,ALI008,ALI008
d_MsgTyp,BICOMP510,BICOMP510
d_MsgTyp,FDTLCQ,FDTLCQ
d_MsgTyp,CRDMCQ,CRDMCQ
d_MsgTyp,CRDMCHQOUT,CRDMCHQOUT
d_MsgTyp,AME,AME
d_MsgTyp,CECT,CECT
d_MsgTyp,CECDDPDINREIMB,CECDDPDINREIMB
d_MsgTyp,CECCHQPDOUTUNPD,CECCHQPDOUTUNPD
d_MsgTyp,EQUENST,EQUENST
d_MsgTyp,EQNDDPDOUTUNPD,EQNDDPDOUTUNPD
d_MsgTyp,BSDDLVIn,BSDDLVIn
d_MsgTyp,BAMSLR,BAMSLR
d_MsgTyp,STEP2P003,STEP2P003
d_MsgTyp,STEP2P002,STEP2P002
d_MsgTyp,STEP2P004,STEP2P004
d_MsgTyp,STEP2P006,STEP2P006
d_MsgTyp,STEP2P007,STEP2P007
d_MsgTyp,BSDDCI,BSDDCI
d_MsgTyp,BSDDRR,BSDDRR
d_MsgTyp,BSDDRC,BSDDRC
d_MsgTyp,BPSR,BPSR
d_MsgTyp,BSDDTFAck,BSDDTFAck
d_MsgTyp,STEP2P003COR,STEP2P003COR
d_MsgTyp,STEP2P003B2B,STEP2P003B2B
d_MsgTyp,EQUENSDD,EQUENSDD
d_MsgTyp,VS04,VS04
d_MsgTyp,STEP2P002COR,STEP2P002COR
d_MsgTyp,STEP2P002B2B,STEP2P002B2B
d_MsgTyp,STEP2P004COR,STEP2P004COR
d_MsgTyp,STEP2P004B2B,STEP2P004B2B
d_MsgTyp,STEP2P006COR,STEP2P006COR
d_MsgTyp,STEP2P006B2B,STEP2P006B2B
d_MsgTyp,STEP2P007COR,STEP2P007COR
d_MsgTyp,STEP2P007B2B,STEP2P007B2B
d_MsgTyp,BSDDMNDT,BSDDMNDT
d_MsgTyp,All,All
d_MsgTyp,None,None
d_MsgTyp,BDDCI,BDDCI
d_MsgTyp,SWMT107,SWMT107
d_MsgTyp,CECDDPDOUTUNPD,CECDDPDOUTUNPD
d_MsgTyp,CECDDPDIN,CECDDPDIN
d_MsgTyp,DEBITR,DEBITR
d_MsgTyp,FTS01,FTS01
d_MsgTyp,ICCSIN,ICCSIN
d_MsgTyp,BIPAY,BIPAY
d_MsgTyp,CALETTERCOMS01,CALETTERCOMS01
d_MsgTyp,CARECONCOMS01,CARECONCOMS01
d_MsgTyp,CECCHQPDIN,CECCHQPDIN
d_MsgTyp,CLMT3071,CLMT3071
d_MsgTyp,CLMT3081,CLMT3081
d_MsgTyp,CLMT3091,CLMT3091
d_MsgTyp,CLMT3093,CLMT3093
d_MsgTyp,CLMT4071,CLMT4071
d_MsgTyp,CLMT4081,CLMT4081
d_MsgTyp,CLMT5011,CLMT5011
d_MsgTyp,CLMT5013,CLMT5013
d_MsgTyp,CLMT5073,CLMT5073
d_MsgTyp,CLMT5074,CLMT5074
d_MsgTyp,CLMT5075,CLMT5075
d_MsgTyp,CLMT5091,CLMT5091
d_MsgTyp,MT513,MT513
d_MsgTyp,MT514,MT514
d_MsgTyp,MT515,MT515
d_MsgTyp,MT516,MT516
d_MsgTyp,MT517,MT517
d_MsgTyp,MT518,MT518
d_MsgTyp,MT520,MT520
d_MsgTyp,MT521,MT521
d_MsgTyp,MT522,MT522
d_MsgTyp,MT523,MT523
d_MsgTyp,MT524,MT524
d_MsgTyp,MT526,MT526
d_MsgTyp,MT528,MT528
d_MsgTyp,MT529,MT529
d_MsgTyp,MT530,MT530
d_MsgTyp,MT531,MT531
d_MsgTyp,MT532,MT532
d_MsgTyp,MT533,MT533
d_MsgTyp,MT534,MT534
d_MsgTyp,MT535,MT535
d_MsgTyp,MT536,MT536
d_MsgTyp,MTM40,MTM40
d_MsgTyp,MTM90,MTM90
d_MsgTyp,MTN10,MTN10
d_MsgTyp,MTN11,MTN11
d_MsgTyp,MTN20,MTN20
d_MsgTyp,MTN70,MTN70
d_MsgTyp,MTR10,MTR10
d_MsgTyp,MTS30,MTS30
d_MsgTyp,MTS31,MTS31
d_MsgTyp,MTS32,MTS32
d_MsgTyp,MTS33,MTS33
d_MsgTyp,MTT10,MTT10
d_MsgTyp,MTT11,MTT11
d_MsgTyp,MTT15,MTT15
d_MsgTyp,MTT16,MTT16
d_MsgTyp,MTT20,MTT20
d_MsgTyp,MTT21,MTT21
d_MsgTyp,MTT25,MTT25
d_MsgTyp,MTT30,MTT30
d_MsgTyp,MTU20,MTU20
d_MsgTyp,MTU30,MTU30
d_MsgTyp,MTU31,MTU31
d_MsgTyp,SICMTN11,SICMTN11
d_MsgTyp,SICMTN20,SICMTN20
d_MsgTyp,SICMTN70,SICMTN70
d_MsgTyp,SICMTR10,SICMTR10
d_MsgTyp,SICMTS3,SICMTS3
d_MsgTyp,SICMTS30,SICMTS30
d_MsgTyp,SICMTS31,SICMTS31
d_MsgTyp,SICMTS32,SICMTS32
d_MsgTyp,SICMTS33,SICMTS33
d_MsgTyp,SICMTT10,SICMTT10
d_MsgTyp,SICMTT11,SICMTT11
d_MsgTyp,SICMTT15,SICMTT15
d_MsgTyp,SICMTT16,SICMTT16
d_MsgTyp,SICMTT20,SICMTT20
d_MsgTyp,SICMTT21,SICMTT21
d_MsgTyp,SICMTT25,SICMTT25
d_MsgTyp,SICMTT30,SICMTT30
d_MsgTyp,SWMT512,SWMT512
d_MsgTyp,SWMT513,SWMT513
d_MsgTyp,SWMT514,SWMT514
d_MsgTyp,SWMT515,SWMT515
d_MsgTyp,SWMT516,SWMT516
d_MsgTyp,SWMT517,SWMT517
d_MsgTyp,SWMT518,SWMT518
d_MsgTyp,SWMT520,SWMT520
d_MsgTyp,SWMT521,SWMT521
d_MsgTyp,SWMT522,SWMT522
d_MsgTyp,SWMT523,SWMT523
d_MsgTyp,SWMT524,SWMT524
d_MsgTyp,SWMT526,SWMT526
d_MsgTyp,SWMT528,SWMT528
d_MsgTyp,SWMT529,SWMT529
d_MsgTyp,SWMT530,SWMT530
d_MsgTyp,SWMT531,SWMT531
d_MsgTyp,SWMT532,SWMT532
d_MsgTyp,TickSizeMaster,TickSizeMaster
d_MsgTyp,TimeZone,TimeZone
d_MsgTyp,CLMT5101,CLMT5101
d_MsgTyp,CLMT5552,CLMT5552
d_MsgTyp,CoreBlk,CoreBlk
d_MsgTyp,CountryDir,CountryDir
d_MsgTyp,CstmrBnkData,CstmrBnkData
d_MsgTyp,CurrncyDir,CurrncyDir
d_MsgTyp,CurrncyDtls,CurrncyDtls
d_MsgTyp,ENTITY_MASTER,ENTITY_MASTER
d_MsgTyp,EntityMaster,EntityMaster
d_MsgTyp,FIN_TRD_OUT,FIN_TRD_OUT
d_MsgTyp,FIXTNDMTEOUT01,FIXTNDMTEOUT01
d_MsgTyp,INSTRDATA,INSTRDATA
d_MsgTyp,InstrumentMaster,InstrumentMaster
d_MsgTyp,MCFHUB998_980,MCFHUB998_980
d_MsgTyp,MCFHUB998_990,MCFHUB998_990
d_MsgTyp,MLT98002,MLT98002
d_MsgTyp,MLT98004,MLT98004
d_MsgTyp,MLT98006DIV,MLT98006DIV
d_MsgTyp,MSG,MSG
d_MsgTyp,MT105,MT105
d_MsgTyp,MT106,MT106
d_MsgTyp,MT110,MT110
d_MsgTyp,MT111,MT111
d_MsgTyp,MT112,MT112
d_MsgTyp,MT190,MT190
d_MsgTyp,MT206,MT206
d_MsgTyp,MT256,MT256
d_MsgTyp,MT290,MT290
d_MsgTyp,MT303,MT303
d_MsgTyp,MT304,MT304
d_MsgTyp,MT305,MT305
d_MsgTyp,MT320,MT320
d_MsgTyp,MT324,MT324
d_MsgTyp,MT330,MT330
d_MsgTyp,MT335,MT335
d_MsgTyp,MT340,MT340
d_MsgTyp,MT341,MT341
d_MsgTyp,MT350,MT350
d_MsgTyp,MT360,MT360
d_MsgTyp,MT361,MT361
d_MsgTyp,MT362,MT362
d_MsgTyp,MT364,MT364
d_MsgTyp,MT365,MT365
d_MsgTyp,MT405,MT405
d_MsgTyp,MT410,MT410
d_MsgTyp,MT412,MT412
d_MsgTyp,MT420,MT420
d_MsgTyp,MT422,MT422
d_MsgTyp,MT430,MT430
d_MsgTyp,MT450,MT450
d_MsgTyp,MT455,MT455
d_MsgTyp,MT456,MT456
d_MsgTyp,MT502,MT502
d_MsgTyp,MT508,MT508
d_MsgTyp,MT509,MT509
d_MsgTyp,MT537,MT537
d_MsgTyp,MT538,MT538
d_MsgTyp,MT539,MT539
d_MsgTyp,MT540,MT540
d_MsgTyp,MT541,MT541
d_MsgTyp,MT542,MT542
d_MsgTyp,MT543,MT543
d_MsgTyp,MT544,MT544
d_MsgTyp,MT545,MT545
d_MsgTyp,MT546,MT546
d_MsgTyp,MT547,MT547
d_MsgTyp,MT548,MT548
d_MsgTyp,MT549,MT549
d_MsgTyp,MT550,MT550
d_MsgTyp,MT551,MT551
d_MsgTyp,MT552,MT552
d_MsgTyp,MT553,MT553
d_MsgTyp,MT554,MT554
d_MsgTyp,MT555,MT555
d_MsgTyp,MT556,MT556
d_MsgTyp,MT557,MT557
d_MsgTyp,MT559,MT559
d_MsgTyp,MT560,MT560
d_MsgTyp,MT561,MT561
d_MsgTyp,MT562,MT562
d_MsgTyp,MT563,MT563
d_MsgTyp,MT564,MT564
d_MsgTyp,MT565,MT565
d_MsgTyp,MT566,MT566
d_MsgTyp,MT567,MT567
d_MsgTyp,MT568,MT568
d_MsgTyp,MT570,MT570
d_MsgTyp,MT571,MT571
d_MsgTyp,MT572,MT572
d_MsgTyp,MT573,MT573
d_MsgTyp,MT575,MT575
d_MsgTyp,MT576,MT576
d_MsgTyp,MT577,MT577
d_MsgTyp,MT578,MT578
d_MsgTyp,MT579,MT579
d_MsgTyp,MT580,MT580
d_MsgTyp,MT590,MT590
d_MsgTyp,MT592,MT592
d_MsgTyp,MT599,MT599
d_MsgTyp,MTD10,MTD10
d_MsgTyp,MTF10,MTF10
d_MsgTyp,MTH10,MTH10
d_MsgTyp,MTH11,MTH11
d_MsgTyp,MTH70,MTH70
d_MsgTyp,MTI10,MTI10
d_MsgTyp,MTI11,MTI11
d_MsgTyp,MTI12,MTI12
d_MsgTyp,MTI21,MTI21
d_MsgTyp,MTI22,MTI22
d_MsgTyp,MTI24,MTI24
d_MsgTyp,MTI30,MTI30
d_MsgTyp,MTI31,MTI31
d_MsgTyp,MTL80,MTL80
d_MsgTyp,MTL81,MTL81
d_MsgTyp,MTL82,MTL82
d_MsgTyp,MTL83,MTL83
d_MsgTyp,MTM10,MTM10
d_MsgTyp,MTM20,MTM20
d_MsgTyp,MTM30,MTM30
d_MsgTyp,ONMRKTRET,ONMRKTRET
d_MsgTyp,ONTRADEFILL,ONTRADEFILL
d_MsgTyp,ONTRDFILLSTRTGY,ONTRDFILLSTRTGY
d_MsgTyp,OUInform,OUInform
d_MsgTyp,PNDNG,PNDNG
d_MsgTyp,PortfolioData,PortfolioData
d_MsgTyp,PrcDvtn,PrcDvtn
d_MsgTyp,QZ2BISENQRESP,QZ2BISENQRESP
d_MsgTyp,QZ2EXCOMAADD,QZ2EXCOMAADD
d_MsgTyp,QZ2EXCOMACL,QZ2EXCOMACL
d_MsgTyp,QZ2EXCOMBLCK,QZ2EXCOMBLCK
d_MsgTyp,QZ2EXCOMCLA,QZ2EXCOMCLA
d_MsgTyp,QZ2EXCOMCLC,QZ2EXCOMCLC
d_MsgTyp,QZ2EXCOMCLM,QZ2EXCOMCLM
d_MsgTyp,SCPAY,SCPAY
d_MsgTyp,SEHldyMaster,SEHldyMaster
d_MsgTyp,SEMaster,SEMaster
d_MsgTyp,SICMTA10,SICMTA10
d_MsgTyp,SICMTA11,SICMTA11
d_MsgTyp,SICMTA15,SICMTA15
d_MsgTyp,SICMTB10,SICMTB10
d_MsgTyp,SICMTB11,SICMTB11
d_MsgTyp,SICMTC10,SICMTC10
d_MsgTyp,SICMTC11,SICMTC11
d_MsgTyp,SICMTC15,SICMTC15
d_MsgTyp,SICMTD10,SICMTD10
d_MsgTyp,SICMTF10,SICMTF10
d_MsgTyp,SICMTH10,SICMTH10
d_MsgTyp,SICMTH11,SICMTH11
d_MsgTyp,SICMTH70,SICMTH70
d_MsgTyp,SICMTI10,SICMTI10
d_MsgTyp,SICMTI11,SICMTI11
d_MsgTyp,SICMTI12,SICMTI12
d_MsgTyp,SICMTI21,SICMTI21
d_MsgTyp,SICMTI22,SICMTI22
d_MsgTyp,SICMTI24,SICMTI24
d_MsgTyp,SICMTI30,SICMTI30
d_MsgTyp,SICMTI31,SICMTI31
d_MsgTyp,SICMTL80,SICMTL80
d_MsgTyp,SICMTL81,SICMTL81
d_MsgTyp,SICMTL82,SICMTL82
d_MsgTyp,SICMTL83,SICMTL83
d_MsgTyp,SICMTM10,SICMTM10
d_MsgTyp,SICMTM20,SICMTM20
d_MsgTyp,SICMTM30,SICMTM30
d_MsgTyp,SICMTM40,SICMTM40
d_MsgTyp,SICMTM90,SICMTM90
d_MsgTyp,SICMTN10,SICMTN10
d_MsgTyp,SICMTU20,SICMTU20
d_MsgTyp,SICMTU30,SICMTU30
d_MsgTyp,SICMTU31,SICMTU31
d_MsgTyp,SIPAY,SIPAY
d_MsgTyp,SOP999,SOP999
d_MsgTyp,SWIFTACNAK,SWIFTACNAK
d_MsgTyp,SWMT100,SWMT100
d_MsgTyp,SWMT105,SWMT105
d_MsgTyp,SWMT106,SWMT106
d_MsgTyp,SWMT110,SWMT110
d_MsgTyp,SWMT111,SWMT111
d_MsgTyp,SWMT112,SWMT112
d_MsgTyp,SWMT191,SWMT191
d_MsgTyp,SWMT192,SWMT192
d_MsgTyp,SWMT196,SWMT196
d_MsgTyp,SWMT201,SWMT201
d_MsgTyp,SWMT202,SWMT202
d_MsgTyp,SWMT203,SWMT203
d_MsgTyp,SWMT204,SWMT204
d_MsgTyp,SWMT205,SWMT205
d_MsgTyp,SWMT206,SWMT206
d_MsgTyp,SWMT210,SWMT210
d_MsgTyp,SWMT256,SWMT256
d_MsgTyp,SWMT291,SWMT291
d_MsgTyp,SWMT292,SWMT292
d_MsgTyp,SWMT300,SWMT300
d_MsgTyp,SWMT303,SWMT303
d_MsgTyp,SWMT304,SWMT304
d_MsgTyp,SWMT305,SWMT305
d_MsgTyp,SWMT320,SWMT320
d_MsgTyp,SWMT324,SWMT324
d_MsgTyp,SWMT330,SWMT330
d_MsgTyp,SWMT335,SWMT335
d_MsgTyp,SWMT340,SWMT340
d_MsgTyp,SWMT341,SWMT341
d_MsgTyp,SWMT350,SWMT350
d_MsgTyp,SWMT360,SWMT360
d_MsgTyp,SWMT361,SWMT361
d_MsgTyp,SWMT362,SWMT362
d_MsgTyp,SWMT364,SWMT364
d_MsgTyp,SWMT365,SWMT365
d_MsgTyp,SWMT400,SWMT400
d_MsgTyp,SWMT405,SWMT405
d_MsgTyp,SWMT410,SWMT410
d_MsgTyp,SWMT412,SWMT412
d_MsgTyp,SWMT420,SWMT420
d_MsgTyp,SWMT422,SWMT422
d_MsgTyp,SWMT430,SWMT430
d_MsgTyp,SWMT450,SWMT450
d_MsgTyp,SWMT455,SWMT455
d_MsgTyp,SWMT456,SWMT456
d_MsgTyp,SWMT502,SWMT502
d_MsgTyp,SWMT508,SWMT508
d_MsgTyp,SWMT509,SWMT509
d_MsgTyp,SWMT533,SWMT533
d_MsgTyp,SWMT534,SWMT534
d_MsgTyp,SWMT535,SWMT535
d_MsgTyp,SWMT536,SWMT536
d_MsgTyp,SWMT537,SWMT537
d_MsgTyp,SWMT538,SWMT538
d_MsgTyp,SWMT539,SWMT539
d_MsgTyp,SWMT540,SWMT540
d_MsgTyp,SWMT541,SWMT541
d_MsgTyp,SWMT542,SWMT542
d_MsgTyp,SWMT543,SWMT543
d_MsgTyp,SWMT544,SWMT544
d_MsgTyp,SWMT545,SWMT545
d_MsgTyp,SWMT546,SWMT546
d_MsgTyp,SWMT547,SWMT547
d_MsgTyp,SWMT548,SWMT548
d_MsgTyp,SWMT549,SWMT549
d_MsgTyp,SWMT550,SWMT550
d_MsgTyp,SWMT551,SWMT551
d_MsgTyp,SWMT552,SWMT552
d_MsgTyp,SWMT553,SWMT553
d_MsgTyp,SWMT554,SWMT554
d_MsgTyp,SWMT555,SWMT555
d_MsgTyp,SWMT556,SWMT556
d_MsgTyp,SWMT557,SWMT557
d_MsgTyp,SWMT559,SWMT559
d_MsgTyp,SWMT560,SWMT560
d_MsgTyp,SWMT561,SWMT561
d_MsgTyp,SWMT562,SWMT562
d_MsgTyp,SWMT563,SWMT563
d_MsgTyp,SWMT564,SWMT564
d_MsgTyp,SWMT565,SWMT565
d_MsgTyp,SWMT566,SWMT566
d_MsgTyp,SWMT567,SWMT567
d_MsgTyp,SWMT568,SWMT568
d_MsgTyp,SWMT570,SWMT570
d_MsgTyp,SWMT571,SWMT571
d_MsgTyp,SWMT572,SWMT572
d_MsgTyp,SWMT573,SWMT573
d_MsgTyp,SWMT575,SWMT575
d_MsgTyp,SWMT576,SWMT576
d_MsgTyp,SWMT577,SWMT577
d_MsgTyp,SWMT578,SWMT578
d_MsgTyp,SWMT579,SWMT579
d_MsgTyp,SWMT580,SWMT580
d_MsgTyp,SWMT592,SWMT592
d_MsgTyp,SWMT599,SWMT599
d_MsgTyp,SWMT900,SWMT900
d_MsgTyp,SWMT910,SWMT910
d_MsgTyp,SWMT940,SWMT940
d_MsgTyp,SWMT941,SWMT941
d_MsgTyp,SWMT942,SWMT942
d_MsgTyp,SWMT950,SWMT950
d_MsgTyp,SWSWIFTACNAK,SWSWIFTACNAK
d_MsgTyp,MT940forCPE,MT940forCPE
d_MsgTyp,MT512,MT512
d_MsgTyp,REJ,REJ
d_MsgTyp,EQUENSDDPDINOUT,EQUENSDDPDINOUT
d_MsgTyp,UPSSReq,UPSSReq
d_MsgTyp,UPSSResp,UPSSResp
d_MsgTyp,CLIEOPInc,CLIEOPInc
d_MsgTyp,CLIEOPDD,CLIEOPDD
d_MsgTyp,R09,R09
d_MsgTyp,R10,R10
d_MsgTyp,R12,R12
d_MsgTyp,R13,R13
d_MsgTyp,R40,R40
d_MsgTyp,R41,R41
d_MsgTyp,R42,R42
d_MsgTyp,R43,R43
d_MsgTyp,R44,R44
d_MsgTyp,R90,R90
d_MsgTyp,N02,N02
d_MsgTyp,N03,N03
d_MsgTyp,N04,N04
d_MsgTyp,N06,N06
d_MsgTyp,N07,N07
d_MsgTyp,N08,N08
d_MsgTyp,N09,N09
d_MsgTyp,N10,N10
d_MsgTyp,CB2C2,CB2C2
d_MsgTyp,CB202,CB202
d_MsgTyp,CB103,CB103
d_MsgTyp,AMINDIADD,AMINDIADD
d_MsgTyp,BCTCI,BCTCI
d_MsgTyp,DBD,DBD
d_MsgTyp,ECSCR,ECSCR
d_MsgTyp,ECSCRRTN,ECSCRRTN
d_MsgTyp,ECSDR,ECSDR
d_MsgTyp,ECSDRRTN,ECSDRRTN
d_MsgTyp,ECSOutCT,ECSOutCT
d_MsgTyp,ECSOutDD,ECSOutDD
d_MsgTyp,ESICA15,ESICA15
d_MsgTyp,ESICB12,ESICB12
d_MsgTyp,FBD,FBD
d_MsgTyp,FINCTRTRNIN,FINCTRTRNIN
d_MsgTyp,FIN_CON,FIN_CON
d_MsgTyp,FIN_COR,FIN_COR
d_MsgTyp,FIN_TRD_IN,FIN_TRD_IN
d_MsgTyp,FIN_VEP,FIN_VEP
d_MsgTyp,FIXMTU8,FIXMTU8
d_MsgTyp,FOD,FOD
d_MsgTyp,FSO,FSO
d_MsgTyp,FTD,FTD
d_MsgTyp,FXD,FXD
d_MsgTyp,ICC_US_COLL,ICC_US_COLL
d_MsgTyp,IDCNACHARTRN,IDCNACHARTRN
d_MsgTyp,IECDDRTRN,IECDDRTRN
d_MsgTyp,JPM_SEPA_COLL,JPM_SEPA_COLL
d_MsgTyp,MMD,MMD
d_MsgTyp,MTN,MTN
d_MsgTyp,Manual,Manual
d_MsgTyp,PAD,PAD
d_MsgTyp,PDD,PDD
d_MsgTyp,PDS,PDS
d_MsgTyp,PRD,PRD
d_MsgTyp,SCBINDIADD,SCBINDIADD
d_MsgTyp,SCBRTRNIN,SCBRTRNIN
d_MsgTyp,SRD,SRD
d_MsgTyp,SRS,SRS
d_MsgTyp,STEP2CAMT029,STEP2CAMT029
d_MsgTyp,STEP2CAMT056,STEP2CAMT056
d_MsgTyp,STEP2P008,STEP2P008
d_MsgTyp,TOD,TOD
d_MsgTyp,U0418,U0418
d_MsgTyp,MT940MT942,MT940MT942
d_MsgTyp,MT950MT942,MT950MT942
d_MsgTyp,MT940MT900MT910,MT940MT900MT910
d_MsgTyp,MT950MT900MT910,MT950MT900MT910
d_MsgTyp,ENUMLITERAL,ENUMLITERAL
d_MsgTyp,ESO,ESO
d_MsgTyp,dbLions_INIT,dbLions_INIT
d_MsgTyp,dbLions_SYNC,dbLions_SYNC
d_MsgTyp,dbLions_RESH,dbLions_RESH
d_MsgTyp,dbLions_LCHK,dbLions_LCHK
d_MsgTyp,dbLions_ACK,dbLions_ACK
d_MsgTyp,dbLions_NACK,dbLions_NACK
d_MsgTyp,dbLions_ERR,dbLions_ERR
d_MsgTyp,dbLions_AVOK,dbLions_AVOK
d_MsgTyp,dbLions_MRID,dbLions_MRID
d_MsgTyp,dbLions_CANC,dbLions_CANC
d_MsgTyp,dbLions_NCCR,dbLions_NCCR
d_MsgTyp,dbLions_NCDR,dbLions_NCDR